"Reporte Productos","","","","","","","","","","","",""
"","","","","","","","","","","","",""
"#","Código interno","Nombre","Nombre alternativo","Descripción","Modelo","Unidad de medida","Posee IGV","Categoría","Marca","Precio","Fecha de vencimiento","Oficina Principal"
"1","P0001","","","PISO VALERIA 60X60 (1.80X5PZAS)","","MTK","1","1","","21.5","","0"
"2","P0002","nacional","celima","KALI BLANCO 27x45","kali","MTK","1","1","","25","","0"
"3","P0003","","","SABINA GRIS 25X40","","MTK","1","1","","19.5","","0"
"4","P0004","","","SIGNO VERDE 25X40","","MTK","1","1","","20.5","","0"
"5","JIYAP0L4UR","","","ACUARELA CURVAS BLANCO 25X40","","MTK","1","1","","20","","0"
"6","P0007","","","RUBIC LUCES PLATA 25X40","","MTK","1","1","","21","","0"
"7","P0010","","","NAZCA BEIGE 25X40","","MTK","1","1","","19","","0"
"8","P0012","","","ARIANNA HUESO 25X40","","MTK","1","1","","22.5","","0"
"9","P0014","","","BRENDA HUESO 25X40","","MTK","1","1","","18.5","","0"
"10","P0015","","","FARAH AZUL 25X40","","MTK","1","1","","22.5","","0"
"11","P0016","","","CAMELIA PLATA 25X40","","MTK","1","1","","19","","0"
"12","P0017","","","LOMAS BLANCO 25X40","","MTK","1","1","","21","","0"
"13","P0018","","","SIGNO GRIS 25X40","","MTK","1","1","","21","","0"
"14","P0019","","","RUBIC LUCES CELESTE 25X40","","MTK","1","1","","20","","0"
"15","P0020","","","RUBIC LUCES VERDE 25X40","","MTK","1","1","","22","","0"
"16","P0021","","","NOBLESSE ISVORI 27X45 (1.70 X CAJ) X 14 PZA","","MTK","1","1","","23.5","","0"
"17","P0023","","","PISO PEPELMA AZUL 36X36 S/L (1.81X14PZAS)","SAN LORENZO","MTK","1","1","","24","","0"
"18","P0025","","PARED CHOCOLATE BEIGE 27X45","CHOCOLATE BEIGE 27X45 (2.07 X CAJ) X 17 PZA","PARED 27.45","MTK","1","1","","26.5","","0"
"19","P0026","","","SIGNO AZUL 25X40","","MTK","1","1","","19.5","","0"
"20","P0027","","","BRENDA GRIS 25X40","","MTK","1","1","","18.5","","0"
"21","P0029","","","LIENZO BEIGE 25X40","","MTK","1","1","","19.5","","0"
"22","P0032","","","PISO PEPELMA CELESTE 36X36 (1.81X14PZAS)","","MTK","1","1","","18.5","","0"
"23","P0033","","","MARGARITA AZUL 25X40","","MTK","1","1","","19","","0"
"24","P0035","","","BADALONA NEGRO 30X30","","MTK","1","1","","22.5","","0"
"25","P0037","","","FARAH CARAMELO 30X30","","MTK","1","1","","21","","0"
"26","P0040","","","FARAH AZUL 30X30 ( 2.34XCAJ) X 27 PZA 1RA","","MTK","1","1","","22.5","","0"
"27","P0043","","","PRISMA VERDE 30X60","","MTK","1","1","","24.5","","0"
"28","P0044","","","PARED FRESIA HUESO 30X60 (1.81X10PZA)COMER","","MTK","1","1","","22.5","","0"
"29","P0045","","","PARED HORTENCIA PLATA 30X60 (1.81 X CAJ) X10PZA","","MTK","1","1","","25","","0"
"30","P0046","","","FILLETI GRANITO BEIGE 30X60","","MTK","1","1","","26","","0"
"31","P0047","","","ACUARELA CURVAS CORAL 30X60","","MTK","1","1","","26","","0"
"32","P0049","nacional","FRESIA 30X60","FRESIA GRAFITO 30X60","CELIMA","MTK","1","1","","31","","0"
"33","P0050","MAYOLICA DALIA PLATA COMERCIAL 30X60","","PARED DALIA PLATA 30X60 COMERCIAL )1.81x 10PZA)","CELIMA DALIA PLATA COMERCIAL 30X60","MTK","1","1","","25.5","","0"
"34","P0051","nacional","celima dalia hueso","DALIA HUESO 30X60 SEGUNDA","dalia HUESO","MTK","1","1","","29","","0"
"35","P0052","","","FILLETI GRANITO PLUS GRIS 30X60","","MTK","1","1","","28.5","","0"
"36","P0054","","","SARA PLATA 30X60","","MTK","1","1","","33","","0"
"37","P0055","","","PARED SARA GRAFITO/ GRIS IMPORTADO 30X60 (1.62X9PZA)","","MTK","1","1","","33","","0"
"38","P0056","","","LAR OSCURO IMPORTADO 30X60","","MTK","1","1","","33","","0"
"39","P0057","","","LAR GRAFITO 30X60","","MTK","1","1","","33","","0"
"40","P0058","","","SEA GRAFITO 30X60","","MTK","1","1","","33","","0"
"41","P0060","","","GRECIA MARFIL 30X60","","MTK","1","1","","33","","0"
"42","P0061","","","GRECIA MARRON 30X60","","MTK","1","1","","33","","0"
"43","P0062","","","DECORADO CEBOLLITA 30X60","","MTK","1","1","","33","","0"
"44","P0063","","","COCO CARAMELO 30X60","","MTK","1","1","","33","","0"
"45","P0067","","","HOJITAS MARRON 30X60","","MTK","1","1","","33","","0"
"46","P0068","","","HOJITAS BEIGE 30X60","","MTK","1","1","","33","","0"
"47","P0069","","","LAR BEIGE CLARO 30X60 IMPORTADO","","MTK","1","1","","33","","0"
"48","P0070","","","LAR MARRON IMPORTADO 30X60","","MTK","1","1","","33","","0"
"49","P0071","","","BRIK BLACO CELIMA PRIMERA 30X60","","MTK","1","1","","33","","0"
"50","P0072","","","SEA PLATA 30X60","","MTK","1","1","","33","","0"
"51","P0073","","","FRESIA MARRON 30X60","","MTK","1","1","","24.5","","0"
"52","P0074","","","SONOMA BEIGE 40X40","","MTK","1","1","","20","","0"
"53","P0075","","","PISO SEVILLA NATURAL 45X45 (2.03XCAJ) X 10PZA","","MTK","1","1","","20","","0"
"54","P0076","","","ARGOS NATURAL 45X45","","MTK","1","1","","21","","0"
"55","P0077","","","PISO MARILIA BRILLANTE 45X45 (2.03XCAJ) X 10 PZA","","MTK","1","1","","22","","0"
"56","P0078","","","MARMOL BLANCO 45X45","","MTK","1","1","","22","","0"
"57","P0080","","","UCAYALI NATURAL 45X45","","MTK","1","1","","18.5","","0"
"58","P0081","","","QATRA NATURAL 45X45","","MTK","1","1","","20","","0"
"59","P0083","","","CAIRO 45X45","","MTK","1","1","","21.5","","0"
"60","P0086","","","ROBLE BEIGE 45X45","","MTK","1","1","","22","","0"
"61","P0087","","","LAJA NEW BEIGE 45X45","","MTK","1","1","","23.5","","0"
"62","P0088","","","PISO MARBELLA NATURAL 45X45 (2.44XCAJ) X12PZA","","MTK","1","1","","18.5","","0"
"63","P0089","","","PISO MERIDA NATURAL 45X45 (2.44XCAJ) X 12PZA","","MTK","1","1","","19.5","","0"
"64","P0090","PISO","","PISO ACUARELA CURVAS CORAL 45X45 (2.03 XCAJ) X 10PZA","","MTK","1","1","","23","","0"
"65","P0091","","","LAREDO NATURAL 45X45","","MTK","1","1","","20.5","","0"
"66","P0092","","","THALIA PLATA 45X45 (2.08X10PZAS)","","MTK","1","1","","19.5","","0"
"67","P0095","","","AVELLANA BEIGE 45X45","","MTK","1","1","","20","","0"
"68","P0096","","","MOLLENDO MIX 45X45 (2.23X11PZAS)","","MTK","1","1","","23.5","","0"
"69","P0097","","","JEREZ CARAMELO 45X45","","MTK","1","1","","20","","0"
"70","P0098","","","KIARITA CARAMELO 45X45","","MTK","1","1","","21","","0"
"71","P0099","","","PISO ORION BEIGE 45X45 (2.23XCAJ) X 11PZA","","MTK","1","1","","20","","0"
"72","P0100","","","NATALIA MARFIL 45X45","","MTK","1","1","","20","","0"
"73","P0102","","","BLANCO FORTE 45X45","","MTK","1","1","","20.5","","0"
"74","P0103","","","JACARANDA 45X45","","MTK","1","1","","19.5","","0"
"75","P0104","PISO","","PISO ROBLE MIX NATURAL 1° 45X45 (2.03XCAJ) X 10PZA","","MTK","1","1","","23.5","","0"
"76","P0105","celima","piso 45x45 natura","NATURA CARAMELO 45X45 (2.23X11PZAS)COMERCIAL","madera","MTK","1","1","","20","","0"
"77","P0107","","","TOLEDO 45X45","","MTK","1","1","","19","","0"
"78","P0110","","","PISO MICHIGAN NATURAL 45X45 (2.03X CAJ) X 10PZA","","MTK","1","1","","28.5","","0"
"79","P0111","","","ATENAS MARFIL 45X45","","MTK","1","1","","20","","0"
"80","P0112","","","PISO LETICIA BEIGE 45X45 (2.03 XCA) X 10PZA","","MTK","1","1","","24.5","","0"
"81","P0113","","","DAKAR 45X45","CELIMA","MTK","1","1","","24","","0"
"82","P0115","","","SPRINGFIELD 46X46","","MTK","1","1","","20","","0"
"83","P0118","","","PORCELANATO NUBE 60X60","","MTK","1","2","","30","","0"
"84","P0119","","","PORCELANATO GRIS DOBLE CARGA 60X60 (1.44XCAJ) X 4PZA ROMASA","ROMASA GRIS 60X60","MTK","1","2","","35","","0"
"85","P0120","","","PORCELANATO OXFORD MARFIL 60X60","","MTK","1","2","","30.5","","0"
"86","P0122","SUPER NEGRO 60X60","","PORCELANATO SUPER NEGRO 60X60","","MTK","1","2","","64","","0"
"87","P0124","","","PORCELANICO KIARA CARAMELO 60X60","","MTK","1","2","","28","","0"
"88","P0126","","","PORCELANICO FOREST CARAMELO 60X60","","MTK","1","3","","28","","0"
"89","P0127","","","DECORADO LAR BAÑO","","NIU","1","","","20","","0"
"90","P0128","","","GRECIA BAÑO","","NIU","1","","","20","","0"
"91","P0129","","","DECORADO ANDES ESTRELLA MAR 30X60","","NIU","1","","","20","","0"
"92","P0130","","","DECORADO SEA BAÑO 30X60","","NIU","1","","","20","","0"
"93","P0131","","","SAHARA TOALLAS","","NIU","1","","","20","","0"
"94","P0134","","","SARA GRIS ESTRELLA","","NIU","1","","","20","","0"
"95","P0135","","","SALDO GOTAS AZUL","","NIU","1","","","20","","0"
"96","P0136","","","HOJITAS MARFIL TOALLA BEIGE","","NIU","1","","","20","","0"
"97","P0138","","","TETERA GRIS","","NIU","1","","","20","","0"
"98","P0139","","","SEA GRIS BEIGE","","NIU","1","","","20","","0"
"99","P0141","","","ROSA MARFIL","","NIU","1","","","20","","0"
"100","P0142","","","SARA PESCADITO","","NIU","1","","","20","","0"
"101","P0143","","","SARA FLOR","","NIU","1","","","20","","0"
"102","P0144","","","DECORADO LADRILLO BAÑO","","NIU","1","","","20","","0"
"103","P0145","","","SEA PLATA BAÑO","","NIU","1","","","20","","0"
"104","P0146","","","GARDENIA","","NIU","1","","","20","","0"
"105","P0147","DECORADO PARA COSINA","","DECORADO LAR COCINA 30X60","LAR","NIU","1","","","20","","0"
"106","P0148","","","GRECIA COFEE","","NIU","1","","","20","","0"
"107","P0149","","","DECORADO IMPORTADO ANDES TAZAS COFEE 30X60 PARA COCINA","","NIU","1","","","20","","0"
"108","P0150","","","SEA COPAS","","NIU","1","","","20","","0"
"109","P0153","","","SEA PLATA COCINA","","NIU","1","","","20","","0"
"110","P0155","","","GRECIA MARFIL TETERA","","NIU","1","","","20","","0"
"111","P0156","","","SARA GRIS TETERA","","NIU","1","","","20","","0"
"112","P0157","","","PERFIL PVC CHOCOLATE 8.5 BELLAPLAST","BELLAPLAST","NIU","1","","","3.5","","0"
"113","P0158","","","PERFIL PVC GUINDA CLARO 8.5 SUPERPLAST","SUPERPLAST","NIU","1","","","3.5","","0"
"114","P0159","","","PERFIL PVC MADERA 8.5 BELLAPLAST","BELLAPLAST","NIU","1","","","3.5","","0"
"115","P0160","","","PERFIL PVC CUERO CLARO 8.5 USAPLAST","USAPLAST","NIU","1","","","3.5","","0"
"116","P0161","","","PERFIL PVC BEIGE 8.5 BELLAPLAST","BELLAPLAST","NIU","1","","","3.5","","0"
"117","P0162","","","PERFIL PVC NEGRO 8.5 BELLAPLAST","BELLAPLAST","NIU","1","","","3.5","","0"
"118","P0163","","","PERFIL PLAIN ROJO 8.5 BELLAPLAST","BELLAPLAST","NIU","1","","","3.5","","0"
"119","P0166","","","PERFIL PVC MARFIL CLARO 8.5 BELLAPLAST","BELLAPLAST","NIU","1","","","3.5","","0"
"120","P0167","","","PERFIL PVC MARMOL 8.5 FINOPLAST","FINOPLAST","NIU","1","","","3.5","","0"
"121","P0168","","","PERFIL PVC BONE 8.5 BELLAPLAST","BELLAPLAST","NIU","1","","","3.5","","0"
"122","P0169","","","PERFIL PVC NARANJA SPAY 8.5 BELLAPLAST","BELLAPLAST","NIU","1","","","3.5","","0"
"123","P0172","","","PERFIL PVC PLAIN AZUL 8.5 BELLAPLAST","BELLAPLAST","NIU","1","","","3.5","","0"
"124","P0175","","","PERFIL PVC MARRON OSCURO 8.5 BELLAPLAST","BELLAPLAST","NIU","1","","","3.5","","0"
"125","P0176","","","PERFIL PVC ALUMINIO 8.5 BELLAPLAST","BELLAPLAST","NIU","1","","","3.5","","0"
"126","P0178","","","PERFIL PVC ALMENDRA 8.5 BELLAPLAST","BELLAPLAST","NIU","1","","","3.5","","0"
"127","P0179","","","PERFIL PVC CREMA 8.5 VICEPLAST","VICEPLAST","NIU","1","","","3.5","","0"
"128","P0180","","","PERFIL PVC CHAMPAGNE 8.5 FINOPLAST","FINOPLAST","NIU","1","","","3.5","","0"
"129","P0181","","","PERFIL PVC CARAMELO 8.5 BELLAPLAST","BELLAPLAST","NIU","1","","","3.5","","0"
"130","P0182","","","PERFIL PVC TABACO 8.5 BELLAPLAST","BELLAPLAST","NIU","1","","","3.5","","0"
"131","P0184","","","PERFIL PVC UVA LILA 8.5 BELLAPLAST","BELLAPLAST","NIU","1","","","3.5","","0"
"132","P0185","","","PERFIL PVC MARRON CLARO 8.5 BELLAPLAST","BELLAPLAST","NIU","1","","","3.5","","0"
"133","P0186","","","PERFIL VERDE SPAY 8.5 BELLAPLAST","BELLAPLAST","NIU","1","","","3.5","","0"
"134","P0187","","","PERFIL PVC TABACO 10.5 BELLAPLAST","BELLAPLAST","NIU","1","","","4","","0"
"135","P0189","","","PERFIL PVC CARAMELO CLARO 11.5 BELLAPLAST","BELLAPLAST","NIU","1","","","5","","0"
"136","P0190","","","PERFIL PVC MARRON OSCURO 11.5 BELLAPLAST","BELLAPLAST","NIU","1","","","5","","0"
"137","P0195","","","PERFIL PVC BLANCO 11.5 BELLAPLAST","BELLAPLAST","NIU","1","","","5","","0"
"138","P0196","","","PERFIL PVC GRIS PLATA 11.5 BELLAPLAST","BELLAPLAST","NIU","1","","","5","","0"
"139","P0197","","","PERFIL PVC MADERA 11.5 BELLAPLAST","BELLAPLAST","NIU","1","","","5","","0"
"140","P0198","","","PERFIL PVC CARAMELO 10.5 SUPERPLAST","SUPERPLAST","NIU","1","","","4","","0"
"141","P0201","","","PERFIL PVC MARMOL 11.5 BELLAPLAST","BELLAPLAST","NIU","1","","","5","","0"
"142","P0202","","","PERFIL PVC CUERO OSCURO 11.5","BELLAPLAST","NIU","1","","","5","","0"
"143","P0206","","","PERFIL ALUMINIO BRILLO 11,5X2.4 ROSSIPLAST","ROSSIPLAST","NIU","1","","","12","","0"
"144","P0211","","","PERFIL ALUMINIO BRILLANTE 11.5 X2M USAMETAL","USAMETAL","NIU","1","","","10","","0"
"145","P0213","","","RODOPASO GRIS PLATA","BELLAPLAST","NIU","1","","","38","","0"
"146","P0214","","","RODOPASO CUERO CLARO","BELLAPLAST","NIU","1","","","38","","0"
"147","P0215","","","RODOPASO CHOCOLATE","","NIU","1","","","38","","0"
"148","P0216","","","RODOPASO NEGRO","BELLAPLAST","NIU","1","","","38","","0"
"149","P0217","","","RODOPASO MARRON OSCURO","","NIU","1","","","38","","0"
"150","P0218","","","LAPIZ DE ACERO GRIS 2,5","BELLAPLAST","NIU","1","","","12.5","","0"
"151","P0221","","","LAPIZ DE ACERO GRIS 1,5","BELLAPLAST","NIU","1","","","11.5","","0"
"152","P0222","","","LAPIZ DE ACERO GRIS 2","BELLAPLAST","NIU","1","","","11.5","","0"
"153","P0225","","","PERFIL ALUMINIO BRILLANTE 12X2.40 VICEPLAST","VICEPLAST","NIU","1","","","12","","0"
"154","P0226","","","ESQUINERO MATE 8MMX2.3M","BELLAPLAST","NIU","1","","","14","","0"
"155","P0228","","","LAPIZ DE ACERO GRIS 3","BELLAPLAST","NIU","1","","","14","","0"
"156","P0229","importado","aluminio","CANTONERA 1.5"" SEMIPESADA","","MTR","1","","","45","","0"
"157","P003","","","CANTONERA DE 2"" SEMIPESADA","","NIU","1","","","45","","0"
"158","P0231","","","CANTONERA 1.5"" LIVIANA (5.95MT)","","MTR","1","","","9","","0"
"159","P0232","","","CANTONERA DE 2"" LIVIANA IMPORTADA (5.96mt)","","MTR","1","","","11","","0"
"160","P0248","","","FRAGUA CHEMICAL HUESO","CHEMICAL","NIU","1","","","6","","0"
"161","P0249","","","FRAGUA CHEMICAL VERDE LIMON PLAIN","CHEMICAL","NIU","1","","","7","","0"
"162","P0250","","","FRAGUA CHEMICAL CREPUSCULO","CHEMICAL","NIU","1","","","6","","0"
"163","P0251","","","FRAGUA CHEMICAL NEGRO","CHEMICAL","NIU","1","","","7","","0"
"164","P0252","","","FRAGUA CHEMICAL GRIS PLATA","CHEMICAL","NIU","1","","","6","","0"
"165","P0253","","","FRAGUA CHEMICAL CARAMELO","CHEMICAL","NIU","1","","","6","","0"
"166","P0254","","","FRAGUA CHEMICAL MADERA","CHEMICAL","NIU","1","","","6","","0"
"167","P0255","","","FRAGUA SANSON GRIS","SANSON","NIU","1","","","6","","0"
"168","P0256","","","FRAGUA SANSON ARENA","SANSON","NIU","1","","","6","","0"
"169","P0257","","","FRAGUA SANSON MADERA","SANSON","NIU","1","","","6","","0"
"170","P0258","","","FRAGUA SANSON MARRON","SANSON","NIU","1","","","6","","0"
"171","P0259","","","FRAGUA SANSON HUESO","SANSON","NIU","1","","","6","","0"
"172","P0260","","","FRAGUA CELIMA MADERA","CELIMA","NIU","1","","","7","","0"
"173","P0261","","","FRAGUA CELIMA MARRON","CELIMA","NIU","1","","","7","","0"
"174","P0262","","","FRAGUA CELIMA BEIGE","CELIMA","NIU","1","","","7","","0"
"175","P0263","","","FRAGUA CELIMA HUESO","CELIMA","NIU","1","","","7","","0"
"176","P0264","","","FRAGUA MAESTRO MADERA","MAESTRO","NIU","1","","","6","","0"
"177","P0265","","","FRAGUA CHEMA BLANCO","CHEMA","NIU","1","","","6","","0"
"178","P0266","","","FRAGUA CHEMA CASTAÑA","CHEMA","NIU","1","","","6","","0"
"179","P0267","","","FRAGUA CHEMA MARFIL","CHEMA","NIU","1","","","6","","0"
"180","P0268","","","FRAGUA CHEMA MADERA","CHEMA","NIU","1","","","6","","0"
"181","P0269","","","FRAGUA CHEMA CUERO","CHEMA","NIU","1","","","6","","0"
"182","P0270","","","FRAGUA CHEMA DUNA","CHEMA","NIU","1","","","6","","0"
"183","P0271","","","FRAGUA SANSON BLANCO","SANSON","NIU","1","","","6","","0"
"184","P0272","","","FRAGUA SANSON CUERO","SANSON","NIU","1","","","6","","0"
"185","P0273","","","FRAGUA CELIMA GRANIZO","CELIMA","NIU","1","","","7","","0"
"186","P0274","","","FRAGUA CHEMICAL BLANCO","CHEMICAL","NIU","1","","","6","","0"
"187","P0275","","","FRAGUA CHEMICAL GRIS","CHEMICAL","NIU","1","","","6","","0"
"188","P0276","","","FRAGUA CHEMICAL BEIGE","CHEMICAL","NIU","1","","","6","","0"
"189","P0277","","","FRAGUA CHEMICAL AZUL","CHEMICAL","NIU","1","","","7","","0"
"190","P0278","","","FRAGUA CHEMICAL ARENA","CHEMICAL","NIU","1","","","6","","0"
"191","P0279","","","FRAGUA CHEMICAL TURQUEZA","CHEMICAL","NIU","1","","","7","","0"
"192","P0280","","","FRAGUA CHEMICAL GUINDA","CHEMICAL","NIU","1","","","7","","0"
"193","P0281","","","FRAGUA CHEMICAL MARRON","CHEMICAL","NIU","1","","","6","","0"
"194","P0282","","","FRAGUA CHEMICAL CHOCOLATE","CHEMICAL","NIU","1","","","6","","0"
"195","P0283","","","FRAGUA CHEMICAL AZUL PASTEL","CHEMICAL","NIU","1","","","7","","0"
"196","P0284","","","FRAGUA CHEMICAL CELESTE","CHEMICAL","NIU","1","","","7","","0"
"197","P0285","","","FRAGUA CHEMICAL CUERO","CHEMICAL","NIU","1","","","6","","0"
"198","P0286","","","FRAGUA CHEMA HUESO","CHEMA","NIU","1","","","6","","0"
"199","P0288","","","OVALIN HG CUADRADO BLANCO","HG","NIU","1","","","150","","0"
"200","P0289","","","OVALIN XM RECTANGULAR BLANCO","XM","NIU","1","","","150","","0"
"201","P0290","","","OVALIN RECTANGULAR BONE XM","XM","NIU","1","","","150","","0"
"202","P0291","","","OVALIN REDONDO BLANCO XM","XM","NIU","1","","","150","","0"
"203","P0292","","","OVALIN REDONDO BONE XM SIN P/G","XM","NIU","1","","","150","","0"
"204","P0293","","","OVALIN REDONDO BLANCO XM","XM","NIU","1","","","150","","0"
"205","P0294","","","OVALIN XM PORTAGRIFERIA REDONDO BLANCO","XM","NIU","1","","","150","","0"
"206","P0295","","","OVALIN PARA EMPOTRAR BLANCO","","NIU","1","","","150","","0"
"207","P0296","","","OVALIN DE VIDRIO MARRON SIN P/G","","NIU","1","","","150","","0"
"208","P0297","","","OVALIN DE VIDRIO ROJO","","NIU","1","","","150","","0"
"209","P0298","","","OVALIN PORTAGRIFERIA REDONDO BLANCO FRATELLI","FRATELLI","NIU","1","","","150","","0"
"210","P0299","","","OVALIN PORTAGRIFERIA RECTANGULAR BLANCO FRATELLI","FRATELLI","NIU","1","","","150","","0"
"211","P0300","","","OVALIN RECTANGULAR FRATELLI BONE","FRATELLI","NIU","1","","","150","","0"
"212","P0301","","","OVALIN OVALADO FRATELLI BLANCO","FRATELLI","NIU","1","","","150","","0"
"213","P0302","","","OVALIN REDONDO MARBEL FRATELLI","FRATELLI","NIU","1","","","150","","0"
"214","P0303","","","OVALIN CUADRADO BLANCO FRATELLI SIN P/G","FRATELLI","NIU","1","","","150","","0"
"215","P0304","","","OVALIN REDONDO TAZON BLANCO FRATELLI","FRATELLI","NIU","1","","","150","","0"
"216","P0305","","","OVALIN FLOR FRATELLI BLANCO","FRATELLI","NIU","1","","","150","","0"
"217","P0312","LAVATORIO MANCORA TREBOL BLANCO","","LAVATORIO MANCORA BLANCO TREBOL","TREBOL","NIU","1","","","70","","0"
"218","P0313","","","LAVATORIO MANANTIAL BLANCO TREBOL","TREBOL","NIU","1","","","80","","0"
"219","P0314","","","LAVATORIO BONE FV","FV","NIU","1","","","65","","0"
"220","P0315","","","LAVATORIO BONE BARCELONA","BARCELONA","NIU","1","","","75","","0"
"221","P0316","","","LAVATORIO BLANCO EL DORADO","EL DORADO","NIU","1","","","40","","0"
"222","P0317","","","LAVATORIO Y PEDESTAL FV AZUL PASTEL","FV","NIU","1","","","140","","0"
"223","P0318","","","LAVATORIO BONE HISPANO","HISPANO","NIU","1","","","65","","0"
"224","P0319","","","LAVATORIO BONE TREBOL","TREBOL","NIU","1","","","75","","0"
"225","P0320","","","LAVATORIO BALI DACQUA BLANCO","DACQUA","NIU","1","","","60","","0"
"226","P0321","","","LAVATORIO LARA BLANCO","LARA","NIU","1","","","60","","0"
"227","P0322","","","LAVATORIO MANANTIAL BONE","MANANTIAL","NIU","1","","","80","","0"
"228","P0323","","","LAVATORIO Y PEDESTAL FLORIDA ECONOMICO BLANCO","FLORIDA ECO","NIU","1","","","120","","0"
"229","P0326","","","PEDESTAL BONE FV","FV","NIU","1","","","60","","0"
"230","P0327","","","PEDESTAL TREBOL BLANCO","TREBOL","NIU","1","","","65","","0"
"231","P0328","","","PEDESTAL LARA BLANCO","LARA","NIU","1","","","40","","0"
"232","P0329","","","PEDESTAL TWENTY BLANCO","TWENTY","NIU","1","","","45","","0"
"233","P0333","","","LAVADERO DE 2 POZAS C/SC FRATELLI","FRATELLI","NIU","1","","","160","","0"
"234","P0334","","","LAVADERO 2 POZAS S/SC XM","XM","NIU","1","","","160","","0"
"235","P0335","","","LAVADERO 80X44 C/SC TEKA","TEKA","NIU","1","","","110","","0"
"236","P0336","","","LAVADERO 2POZAS 116X55 CON S/SC","","NIU","1","","","170","","0"
"237","P0339","","","LAVADERO 1PZA 80X52 C/SC","","NIU","1","","","120","","0"
"238","P0347","","","INNODORO FV SIFON BOTON BONE","FV","NIU","1","","","200","","0"
"239","P0348","","","INODORO ONE PIECE HISPANO BONE","ISPANO","NIU","1","","","285","","0"
"240","P0349","","","INNODORO ONE PIECE DACQUA BLANCO","DACQUA","NIU","1","","","265","","0"
"241","P0350","","","INNODORO RAPI JET PALANCA BONE TREBOL","TREBOL","NIU","1","","","275","","0"
"242","P0352","","","INNODORO TWENTY PALANCA BLANCO HG","HG","NIU","1","","","160","","0"
"243","P0354","","","INNODORO RAPI JET PALANCA TREBOL BLANCO","TREBOL","NIU","1","","","275","","0"
"244","P0357","","","INNODORO RAPI JET PREMIUM BOTON TREBOL BLANCO","TREBOL","NIU","1","","","295","","0"
"245","P0358","","","BAÑO ONE PIECE TWENTY BLANCO","TWENTY","NIU","1","","","310","","0"
"246","P0360","","","INNODORO SIFON BOTON BLANCO DACQUA","DACQUA","NIU","1","","","215","","0"
"247","P0361","","","URINARIO BONE HISPANO","HISPANO","NIU","1","","","80","","0"
"248","P0362","","","URINARIO HISPANO BLANCO","ISPANO","NIU","1","","","70","","0"
"249","P0363","","","URINARIO BLANCO EL DORADO","EL DORADO","NIU","1","","","70","","0"
"250","P0364","","","URINARIO BONE MILANO","MILANO","NIU","1","","","80","","0"
"251","P0365","","","TRAMPA PAVCO","","NIU","1","","","15","","0"
"252","P0366","","","TRAMPA CON REGISTRO RECORD","","NIU","1","","","25","","0"
"253","P0367","","","TRAMPA CORRUGADA PVC TREBOL","TREBOL","NIU","1","","","25","","0"
"254","P0368","","","TRAMPA CORRUGADA SEVILLA","","NIU","1","","","30","","0"
"255","P0369","","","TRAMPA SPLENDY","","NIU","1","","","10","","0"
"256","P0370","nacional","PVC","TRAMPA P RECORD","P","NIU","1","","","25","","0"
"257","P0371","","","TRAMPA BOTELLA PARA LAVATORIO FIORI","","NIU","1","","","12","","0"
"258","P0372","","","TUBO DE ABASTO 1/2 X 7/8 TREBOL","TREBOL","NIU","1","","","15","","0"
"259","P0373","","","TUBO DE ABASTO DE 1/2 X 1/2 SANI","","NIU","1","","","10","","0"
"260","P0374","","","TUBO DE ABASTO 1/2 X 1/2 METUSA","","NIU","1","","","10","","0"
"261","P0375","","","TUBO DE ABASTO DE 1/2 X 7/8 METUSA","","NIU","1","","","10","","0"
"262","P0378","","","TUBO DE ABASTO 1/2 X 1/2 TREBOL","","NIU","1","","","20","","0"
"263","P0379","","","CANASTILLA DE DESAGUE 3 1/2 RECORD","","NIU","1","","","18","","0"
"264","P0380","","","CANASTILLA DE DESAGUE ECONOMICO","","NIU","1","","","15","","0"
"265","P0381","","","CANASTILLA DE DESAGUE 3 1/2 AMOAL","","NIU","1","","","15","","0"
"266","P0382","","","CANASTILLA DUCHAS CHINA","","NIU","1","","","25","","0"
"267","P0383","","","CANASTILLAS DE POSAS CHINA","","NIU","1","","","25","","0"
"268","P0384","","","DESAGUE PVC FRATELLI","","NIU","1","","","7","","0"
"269","P0385","DESAGUE LAVATORIO COSINA DE 4","GRFERIA","DESAGUE ACERO INOXIDABLE FRATELLI","IMPORTADO","NIU","1","","","25","","0"
"270","P0386","","","DESAGUE PLASTICO SANIFER","","NIU","1","","","15","","0"
"271","P0387","","","DESAGUE DE TINA JAMECO","","NIU","1","","","65","","0"
"272","P0388","","","DESAGUE CROMADO DE 1/4 VENICE","","NIU","1","","","28","","0"
"273","P0390","","","DESAGUE CROMADO OVALIN APACHE","","NIU","1","","","28","","0"
"274","P0391","","","EMPAQUE URINARIO","","NIU","1","","","5","","0"
"275","P0392","","CUÑAS","CUÑA F=3","","NIU","1","","","25","","0"
"276","P0393","","","REPUESTO DE NIVELADORES F3 DE 1MM","","NIU","1","","","20","","0"
"277","P0394","","","VALVULA CESTILLA TEKA","","NIU","1","","","15","","0"
"278","P0395","","","REPUESTO ROSCA NIVELADOR FABREPLAST SOMBRERITO","","NIU","1","","","25","","0"
"279","P0397","","","NIVELADOR ROSCA KIT FABREPLAST","","NIU","1","","","45","","0"
"280","P0398","REGISTRO","GRFERIA","REGISTRO DE 2"" ECO BRONCE","NACIONAL","NIU","1","","","7","","0"
"281","P0399","","","REJILLA PESADA","","NIU","1","","","11","","0"
"282","P0400","","","TEFLON ROJO","","NIU","1","","","1.5","","0"
"283","P0401","","","PERNOS DE ANCLAJE","","NIU","1","","","6","","0"
"284","P0402","","","UÑAS PARA LAVATORIO GALVANIZADAS","","NIU","1","","","6","","0"
"285","P0403","","","PERNOS DE TANQUE","","NIU","1","","","6","","0"
"286","P0408","nacional","REGISTRO DE 4 CROMADO","REGISTRO DE 4"" CROMADO","GRIFERIA","NIU","1","","","14","","0"
"287","P0409","","","REGISTRO DE 6"" CROMADO TAMI","TAMI","NIU","1","","","40","","0"
"288","P0410","","","REGISTRO DE 8""","","NIU","1","","","45","","0"
"289","P0411","","","BLOCK DE VIDRIO CRUZETAS","","NIU","1","","","13","","0"
"290","P0413","","","JABONEROS ACRILICOS CHINOS","","NIU","1","","","25","","0"
"291","P0417","","","ACCESORIO DE TANQUE TREBOL EN HG","HG","NIU","1","","","50","","0"
"292","P0418","","","ACCESORIO DE TANQUE PALANCA HG","HG","NIU","1","","","50","","0"
"293","P0419","","","ACCESOIO DE TANQUE PARA BAÑO ONE PIECE","","NIU","1","","","65","","0"
"294","P0420","","","REPUESTO DE TANQUE COMPLETO","","NIU","1","","","60","","0"
"295","P0421","","","TAPA SIMPLE BONE","","NIU","1","","","12","","0"
"296","P0422","","","TAPA SIMPLE AZUL PASTEL","","NIU","1","","","15","","0"
"297","P0423","","","TAPA ECONOMICA VERDE LIMON FIORI","FIORI","NIU","1","","","22","","0"
"298","P0425","","","TAPA ONE PIECE BONE","","NIU","1","","","25","","0"
"299","P0428","","","TAPA ECONOMICA GRIS FIORI","FIORI","NIU","1","","","22","","0"
"300","P0429","","","TAPA VERDE LIMON TREBOL","","NIU","1","","","35","","0"
"301","P0432","","","TAPA BABY BLANCO","","NIU","1","","","15","","0"
"302","P0434","","","TAPA SIMPLE GUINDA","","NIU","1","","","20","","0"
"303","P0436","","","TAPA SIMPLE VERDE LIMON","","NIU","1","","","20","","0"
"304","P0437","","","TAPA ECONOMICA NEGRO FIORI","FIORI","NIU","1","","","22","","0"
"305","P0438","","","TAPA ECONOMICO FIORI BLANCO","","NIU","1","","","18","","0"
"306","P0439","","","TAPA NEGRO TREBOL 32","","NIU","1","","","25","","0"
"307","P0440","","","TAPA ECONOMICA BONE FIORI","FIORI","NIU","1","","","18","","0"
"308","P0442","","","TAPA VERDE LIMON TREBOL","","NIU","1","","","30","","0"
"309","P0443","","","TAPA ECONOMICA AZUL PASTEL FIORI","FIORI","NIU","1","","","22","","0"
"310","P0444","","","TAPA BLANCA TREBOL","","NIU","1","","","25","","0"
"311","P0445","","","LAVATORIO DORADO BABY BLANCO","","NIU","1","","","50","","0"
"312","P0447","","","LLAVE DE DUCHA TIMON DE BARCO FRATELLI","","NIU","1","","","120","","0"
"313","P0448","","","LLAVE DE DUCHA PERILLA CROMADA VAINSA","VAINSA","NIU","1","","","85","","0"
"314","P0449","","","LLAVE DE DUCHAS PALANCA VAINSA","VAINSA","NIU","1","","","90","","0"
"315","P0451","","","LLAVE DE OVALIN SOBRE PONER LIVIANO","","NIU","1","","","65","","0"
"316","P0452","","","LLAVE LAVATORIO PERILLA ECO VAINSA","VAINSA","NIU","1","","","85","","0"
"317","P0453","","","LLAVE DE DUCHA PERILLA ACRILICA SIN MARCA","SIN MARCA","NIU","1","","","35","","0"
"318","P0454","","","LLAVE LAVATORIO TREBOL LINEA ECO","TREBOL","NIU","1","","","55","","0"
"319","P0455","","","LLAVE DE LAVATORIO NACIONAL FAGRICENTER","FAGRICENTER","NIU","1","","","40","","0"
"320","P0456","","","LLAVE DE DUCHA ITALGRIF","","NIU","1","","","30","","0"
"321","P0462","","","LLAVE DE DUCHA MONOCOMANDO PREMIER","","NIU","1","","","120","","0"
"322","P0465","","","LLAVE LAVATORIO ECONOMICO","","NIU","1","","","10","","0"
"323","P0466","","","LLAVE PARA URINARIO","","NIU","1","","","80","","0"
"324","P0467","","","LLAVE DE OVALIN GIRALDI","","NIU","1","","","130","","0"
"325","P0468","","","LLAVE DE OVALIN LARGO CROMADO","","NIU","1","","","250","","0"
"326","P0469","","","DUCHA MONOCOMANDO FORTALY","","NIU","1","","","280","","0"
"327","P0470","","","PICO DE GANSO APACHE PERILLA ALETA","","NIU","1","","","65","","0"
"328","P0471","","","CAÑO JARDIN DE BRONCE NACIONAL","","NIU","1","","","35","","0"
"329","P0476","","","PICO DE GANZO FLEXIBLE MODELO Z","","NIU","1","","","80","","0"
"330","P0477","","","PICO DE GANZO ECONOMICO","","NIU","1","","","25","","0"
"331","P0478","","","PICO DE GANSO NACIONAL FAGRICENTER","","NIU","1","","","40","","0"
"332","P0480","","","MESCLADORA PICO DE GANZO RUBINETO","","NIU","1","","","150","","0"
"333","P0481","","","MEZCLADORA DE DUCHAS","","NIU","1","","","170","","0"
"334","P0482","","","MEZCLADORA MONOCOMANDO PARA DUCHA - FRATELLI","","NIU","1","","","255","","0"
"335","P0483","","","MEZCLADORAS PARA DUCHA DE 8 TREBOL","","NIU","1","","","280","","0"
"336","P0484","","","MESZCLADORA DE COCINA RUBINETO","","NIU","1","","","140","","0"
"337","P0485","","","MEZCLADORA DE DUCHA SEVILLA PERILLA ACRICLICA","SEVILLA","NIU","1","","","160","","0"
"338","P0486","","","BRAZO DE DUCHA HIDRO MASAJE VAINSA","VAINSA","NIU","1","","","90","","0"
"339","P0487","himportado","BRAZO DUCHA","BRAZO DE DUCHA ECONOMICO REDONDA DIROFASA","DIROFASA","NIU","1","","","35","","0"
"340","P0488","","","BRAZO DE DUCHAS TREBOL","","NIU","1","","","70","","0"
"341","P0489","","","CABEZA DE DUCHA REDONDA ECONOMICA","","NIU","1","","","25","","0"
"342","P0490","","","CABEZA DE DUCHA OVALADO ECONOMICO","","NIU","1","","","40","","0"
"343","P0491","","","CABEZA DE DUCHA CUADRADA ECONOMICA","","NIU","1","","","40","","0"
"344","P0493","","","KIT DE BAÑO BONE","","NIU","1","","","70","","0"
"345","P0494","","","KIT DE BAÑO MORA","","NIU","1","","","95","","0"
"346","P0495","","","KIT DE BAÑO NEGRO","","NIU","1","","","105","","0"
"347","P0496","","","KIT DE BAÑO FRATELLI","","NIU","1","","","90","","0"
"348","P0497","","","BLOCK DE VIDIRIO ESTRELLA","","NIU","1","","","14","","0"
"349","P0498","","","BLOCK DE VIDRIO OLAS","","NIU","1","","","12","","0"
"350","P0499","","","BLOXK DE VIDRIO ESTRELLA","","NIU","1","","","11","","0"
"351","P0500","","","BLOCK DE VIDRIO ROMBO","","NIU","1","","","14","","0"
"352","P0501","","","BLOCK DE VIDRIO CUADRICULADO","","NIU","1","","","14","","0"
"353","P0507","","","PEGAMENTO TREBOL GRIS","","NIU","1","","","12","","0"
"354","P0508","","","PEGAMENTO TREBOL BLANCO EXTRA.","","NIU","1","","","20","","0"
"355","KM17ZY0CF4","","","BLANCO NIEVE 27X45","","MTK","1","","","28","","0"
"356","VK19MNT2BG","PISO","PORCELANICO DE 60X60","PORCELANICO AUSTIN NATURAL 60X60","AUSTIN NATURAL","MTK","1","","","28","","0"
"357","RMZS2ILTOJ","","","SABINA GRIS 27X45","","MTK","1","","","28","","0"
"358","01052","","","SIGNO AZUL 27X45 (2.07 X CAJ) X 17 PZA","","MTK","1","","","28","","0"
"359","387VWEX05H","","","LLAVE DE DUCHA ALETA TREBOL","","NIU","1","","","20","","0"
"360","01054","","","LLAVE DE DUCHA TREBOL LINEA ECO","","NIU","1","","","55","","0"
"361","ZPKHV1O4ND","","","PORCELANATO PIEDRA GRIS 60X60","","MTK","1","","","68","","0"
"362","TFSW5XZMLN","","","Juego de uña delgada","","NIU","1","","","7","","0"
"363","01057","","","RUEDA DE CORTADORA MARCA RUBÍ","","NIU","1","","","80","","0"
"364","VIQYBP86FO","","","Uña delgada pequeña","","NIU","","","","5","","0"
"365","BHYWJ283RS","","","Uña delgada grande","","NIU","","","","5","","0"
"366","01060","","","RUEDA DE CORTADORA MARCA JAMTEXS","","NIU","","","","45","","0"
"367","01061","","","ROBLE CARAMELO 45X45 (2.03x10PZAS)","Comercial","MTK","1","","","26","","0"
"368","WU738MG12P","","","DALLAS BEIGE EXTRA 45X45","Extra","MTK","1","","","28","","0"
"369","01063","","","DALLAS BEIGE 45X45 COMERCIAL (2.03X10PZAS)","Comercial","MTK","1","","","24","","0"
"370","EQHLVKO0GN","nacional","madera premium","MADERO PREMIUM 45x45","celima","MTK","1","","","26.5","","0"
"371","1MAB68TPC3","","","SONOMA BEIGE 30X60","","MTK","1","","","36","","0"
"372","89TLHB17EP","","","FRAGUA AQUIMARZA BEIGE","","NIU","1","","","6","","0"
"373","QPIL21S5YJ","","PISO ESPAÑOL 47X47","GRECIA CREMA 47X47","ESPANOL","MTK","1","","","28","","0"
"374","OQWDE2PB0M","","","ISHPINGO 45X45","","MTK","1","","","23","","0"
"375","6IRP9E0NLS","","","VENTURA NATUTAL 45x45","","MTK","1","","","24","","0"
"376","01077","","","PARED AMAPOLA HUESO 30X60 (1.81X10PZAS)","","MTK","1","","","35","","0"
"377","01078","","","RUBIC LUCES PLATA 27X45 (2.07 X CAJ) X 17 PZAS","","MTK","1","","","29","","0"
"378","01079","","","SIGNO GRIS 27X45 (2.07X CAJ) X 17 PZAS","","MTK","1","","","27","","0"
"379","01081","","","DUNAS BLANCO BRILLANTE 25X40 (2.03 X CAJ) X 20 PZA","","MTK","1","","","26","","0"
"380","01085","","","PARED CAYALTI MIX BEIGE 30X60 (1.80X10PZA)","","MTK","1","","","38","","0"
"381","OD9S0NE5GV","","","SONOMA GRIS 30X60","","MTK","1","","","34","","0"
"382","M2LTRDFES9","nacional","FACHALETA 30X60","AREQUIPA GRIS MIX 30X60","CELIMA","MTK","1","","","37","","0"
"383","01092","","","PARED DALIA BEIGE 30X60 1RA (1.81 X 10PZA)","","MTK","1","","","35","","0"
"384","01094","","","FACHALETA YUNGAY GRIS 30X60","","MTK","1","","","35","","0"
"385","01095","","","PARED BLANCO BRILLANTE 30X60 (2.18XCAJ) X12PZAS","","MTK","1","","","35","","0"
"386","MP1AY89EZX","","","HOJITAS GRIS 30X60","","MTK","1","","","38","","0"
"387","DGZQV7LKWB","","","ACCESORIO DE 1/2 BAÑO COMPLETO ECKOGRIF","","NIU","1","","","60","","0"
"388","7NQX4BL6R2","","","PORCELANICO OLIVO NATURAL 60X60","","MTK","1","","","40","","0"
"389","GBC0FAZE41","piso guayacan","piso 60","PORCELANICO GUAYACAN NATURAL 60X60","celima","MTK","1","","","28.5","","0"
"390","01100","","","PORCELANATO HEXAGONO GRIS 60X60 (1.44 X CAJ) X4PZA","","MTK","1","","","68","","0"
"391","01101","","","PORCELANATO SELVA NEGRO 60X60 (1.44XCAJ) X4PZA VIDRI","SELVA NEGRA VITRIFICADO","MTK","1","","","68","","0"
"392","01102","","","PORCELANATO DALLAS GRIS MATE 60x60 (1.44 XCAJ) X 4 PZA","","MTK","1","","","68","","0"
"393","61ISOZY8RN","","","PORCELANATO TABLA GRIS MATE 60X60","","MTK","1","","","68","","0"
"394","GDC9F6J1SY","","","INNODORO RAPI JET PALANCA BONE FV","","NIU","1","","","380","","0"
"395","D5EYUJLR4K","","","INNODORO RAPI JET PALANCA GUINDA FV","","NIU","1","","","380","","0"
"396","01108","","","LAVATORIO Y PEDESTAL FV GUINDA","FV","NIU","1","","","140","","0"
"397","RY59BS4GQC","","","PEDESTAL GUINDA FV","","NIU","1","","","60","","0"
"398","OFHE52QLUN","","","INNODORO AZUL PASTEL RAPI JET BOTON TREBOL","","NIU","1","","","380","","0"
"399","1V67QUXWK9","","","LAVATORIO AZUL PASTEL TREBOL","","NIU","1","","","90","","0"
"400","7WF493QKNT","","","PEDESTAL AZUL PASTEL TREBOL","","NIU","1","","","60","","0"
"401","LEO95YD1AV","","","PORCELANATO NEGRO VITRIFICADO 60X60","","MTK","1","","","68","","0"
"402","EFJXY0RL7C","","","PORCELANATO VITRIFICADO DALLASGRIS 60X60","","MTK","1","","","68","","0"
"403","CAVGFS20TJ","","","PORCELANATO VITRIFICADO TABLA GRIS 60X60","","MTK","1","","","68","","0"
"404","01118","","","PORCELANATO NOGAL MARRON 60X60 (1.44XCAJ) X 4PZA","","MTK","1","","","68","","0"
"405","GLF2P0VR6Q","","","PORCELANTO SUPER NEGRO 60x60","","NIU","1","","","68","","0"
"406","L4QSOM723K","","","LLAVE URINARIO FAGRICENTER","","NIU","1","","","45","","0"
"407","G569SDUT14","","","PICO GANZO FLEXIBLE COLORES R/U FORTALY","","NIU","1","","","80","","0"
"408","SX9O8ZATYJ","","","PICO DE GANZO FLEXIBLE","","NIU","1","","","75","","0"
"409","T3J1UFLAXP","","","PORCELANATO NEGRO MATE 60X60","","MTK","1","","","45","","0"
"410","3EIXP9SYLJ","","","TRAMPA BOTELLA SANIFER","","NIU","","","","8.5","","0"
"411","JNW2B37Q8D","","","INNODORO ONE PIECE BABY BLANCO","","NIU","1","","","200","","0"
"412","J42RPX35D0","","","INNODORO ONE PIECE ORANGE BLANCO","","NIU","1","","","480","","0"
"413","ATX21JPR6U","","","PEDESTAL ORANGE BLANCO","","NIU","1","","","60","","0"
"414","5YVDRWE3KU","","","LAVATORIO ORANGE BLANCO","","NIU","1","","","90","","0"
"415","GYLD76JSVE","","","ACCESORIO TANQUE DOBLE BOTON HG","","NIU","1","","","40","","0"
"416","8USO53W2XG","","","FRAGUA AQUIMARZA CUERO","","NIU","1","","","6","","0"
"417","KVBW3ZXJ8Y","","","FRAGUA AQUIMARZA GRIS PERLA","","NIU","1","","","6","","0"
"418","01138","","","FRAGUA AQUIMARZA CELESTE PISCINA","","NIU","1","","","7","","0"
"419","8RDYSFXZ3K","","","FRAGUA AQUIMARZA PARACAS","","NIU","1","","","6","","0"
"420","01140","","","FRAGUA AQUIMARZA MARRON CLARO","","NIU","1","","","6","","0"
"421","LV3SGNKMEH","","","FRAGUA AQUIMARZA GRIS","","NIU","1","","","6","","0"
"422","5M034FJHGS","","","FRAGUA AQUIMARZA CREMA","","NIU","1","","","6","","0"
"423","HE1N7TSRQW","","","FRAGUA AQUIMARZA CHOCOLATE","","NIU","1","","","6","","0"
"424","JK8V6AXUET","","","FRAGUA AQUIMARZA MADERA","","NIU","1","","","6","","0"
"425","SIMC9XJ72Y","","","FRAGUA AQUIMARZA ROJO PLATE","","NIU","1","","","7","","0"
"426","T1VF709J5A","","","FRAGUA AQUIMARZA VERDE PLATE","","NIU","1","","","7","","0"
"427","EV1RTBGCF7","","","FRAGUA AQUIMARZA AZUL","","NIU","1","","","7","","0"
"428","ZR7ELSHPQA","nacional","PVC","TRAMPA SOLA TITOMACC","PVC","NIU","1","","","10","","0"
"429","F40KOUQP97","","","BRAZO DE DUCHA FRATELLI","","NIU","1","","","45","","0"
"430","01153","","","REJILLA DE 2"" IMPORTADO PESADO","","NIU","1","","","12","","0"
"431","01154","","","REJILLA DE 4"" CROMADO","","NIU","1","","","15","","0"
"432","48OF1P5ETH","","","REGISTRO CON REJILLA DE 4""","","NIU","1","","","10","","0"
"433","01156","","","LLAVE DE OVALIN CORTO PALANCA FRATELLI ZRGA Z-8","FRATELLI","NIU","1","","","65","","0"
"434","01157","","","LLAVE DE OVALIN CORTO FRATELLI PESADO ALETA ZRGA -Z-10","","NIU","1","","","80","","0"
"435","01158","","","REGADERA DE DUCHA CUADRADA DE 8"" FRATELLI","","NIU","1","","","65","","0"
"436","01159","","","LLAVE DE DUCHA MONOCOMANDO FRATELLI","FRATELLI","NIU","1","","","280","","0"
"437","01160","","","MEZCLADORA DE DUCHA MONOCOMANDO - PREMIER","PREMIER","NIU","1","","","240","","0"
"438","H18IAREMQO","","","TRAMPA BOTELLA ECKOGRIF","","NIU","1","","","15","","0"
"439","04JZC8B2R5","","","LLAVE LAVATORIO BAJO OVALIN -FRATELLI","","NIU","1","","","65","","0"
"440","01163","","","LLAVE MEZCLADORA MONOCOMANDO GIRALI","GIRALI","NIU","1","","","280","","0"
"441","01164","","","PICO DE GANSO PARA COCINA VAINSA - MANIJA ACRILICA","VAINSA","NIU","1","","","120","","0"
"442","QCJ7R40IKN","","","TRAMPA P SIN REGISTRO CROMADO OROS","","NIU","1","","","25","","0"
"443","W510QZXO4R","","","LLAVE LAVATORIO SEMIPESADO AL-FORTALY","","NIU","1","","","50","","0"
"444","R1QL9TD7UP","","","LLAVE LAVATORIO HG","","NIU","1","","","50","","0"
"445","JUFWQ7MDB3","","","LLAVE LAVATORIO BAJO FRATELLI","","NIU","1","","","65","","0"
"446","JLHWKED5XC","","","LLAVE LAVATORIO LIVIANO ALTO FRENCIA","","NIU","1","","","90","","0"
"447","ZLGO1F3YRP","","","PICO DE GANZO FLEXIBLE C&A","","NIU","1","","","65","","0"
"448","HUWM1FCDIR","","","PICO DE GANZO FLEXIBLE APACHE","","NIU","1","","","85","","0"
"449","01174","","","TRAMPA CROMADA","","NIU","1","","","25","","0"
"450","R6DT9LFWN1","","","TRAMPA TRAMONTINA DOBLE POZA","","NIU","1","","","50","","0"
"451","L38SOJUWGD","","","RAKKI 45X45","","MTK","1","","","27","","0"
"452","01177","","","CALIFORNIA CARAMELO 45X45 (2.03 X 10PZAS)","","MTK","1","","","25","","0"
"453","01178","","","PISO ARKANSAS NATURAL 45X45 (2.44XCAJ) X12PZA","","MTK","1","","","25","","0"
"454","01182","","","PISO DIAMANTINA HUESO 60X60 (PORCELANICO) (1.80X5PZAS)","","MTK","1","","","28","","0"
"455","HMDWTYJI30","","","PORCELANICO FARO CARAMELO 60X60","","MTK","1","","","28","","0"
"456","01185","","","PORCELANICO ARCE NATURAL 60X60 (1.80X5PZAS) COM.","","MTK","1","","","28.5","","0"
"457","9JD1L4PTWZ","","","LLAVE DE DUCHA ALETA VAINSA","","NIU","1","","","26","","0"
"458","01187","","","LLAVE LAVATORIO IMPORTADO PERILLA VARIOS","","NIU","1","","","25","","0"
"459","VC48GM1PJ6","","","PORCELANATO PULIDO BETAS BEIGE 60X60","","MTK","1","","","68","","0"
"460","01190","","","LLAVE JARDIN NACIONAL","","NIU","1","","","20","","0"
"461","01191","","","LLAVE DE DUCHA NACIONAL","","NIU","1","","","32","","0"
"462","4HLJUI219T","","","TRAMPA SOLA --","","NIU","1","","","12","","0"
"463","01196","","","URINARIO BONE EL DORADO","EL DORADO","NIU","1","","","90","","0"
"464","7CPBZX9GA2","","","CANASTILLA MONACO","","NIU","1","","","15","","0"
"465","8GJB0AQPNL","","","LAPIZ CERAMICO MARMOLEADO GRIS","","NIU","1","","","7","","0"
"466","RG8NPD0T3X","","","INNODORO RAPI JET BOTON BONE TREBOL","","NIU","1","","","370","","0"
"467","4SZUE3VB6Q","","","PEDESTAL TREBOL BONE","","NIU","1","","","70","","0"
"468","JVSDN031PT","","","LOMAS BLANCO 27X45","","NIU","1","","","27","","0"
"469","01206","","","PAR DE UÑAS PARA LAVATORIO DE FIERRO","","NIU","1","","","8","","0"
"470","MOPYN641DH","importado","6""","BRAZO DE DUCHA REDONDA DE 6","redondo","NIU","1","","","75","","0"
"471","01210","importado","HG","OVALIN REDONDO HG BONE SIN P/G","HG BONE","NIU","1","","","150","","0"
"472","XDO4FV2Y1U","IMPORTADO","IMPORTADO","HONDAS CREMA 30x60","CELIMA","MTK","1","","","35","","0"
"473","WC1E7Y8649","himportado","himportado","MARMOL BLANCO 30x60","marmol","MTK","1","","","35","","0"
"474","01215","nacional","SAN LORENZO","TAIPE AZUL 45x45 S/L (2.08X10PZAS)","TAIPE AZUL","MTK","1","","","28","","0"
"475","D4W8SJK1HM","LAVADERO IMPORTADO","FRATELLY","LAVADERO COSINA PARA GRANITO GRANDE 57X42","GRANITO","NIU","1","","","180","","0"
"476","6RHVMI2UTC","PISO","CELIMA","LAJAGRIS","","MTK","1","","","29","","0"
"477","01220","CELIMA","CERAMICA","PISO IPANEMA CUERO 45X45 (2.03XCAJ) X10PZA","GEOMETRICO","MTK","1","","","23.5","","0"
"478","MNJ0HQIDTF","himportado","cosina","PICO DE GANZO ECONOMICO","pared","NIU","1","","","35","","0"
"479","01225","nacional","","PICO DE GANSO PARA COCINA TREBOL","TREBOL","NIU","1","","","85","","0"
"480","01226","himportado","PVC","TRAMPA BOTELLA FRATELLI","P","NIU","1","","","15","","0"
"481","EDS762LNRK","","DUCHA ECO","BRAZO DE DUCHA ECONOMICO CUADRADA","CUADRADA","NIU","1","","","35","","0"
"482","ERP5C1QJ4Z","CROMADA","ECO","BRAZO DE DUCHA ECONOMICO REDONDA EN CAJA","CUADRADA","NIU","1","","","45","","0"
"483","01231","himportado","BRAZO DUCHA","REGADERA DE DUCHA OVALADA EN CAJA SEVILLA","SEVILLA","NIU","1","","","65","","0"
"484","01233","CAÑO COSINA IMPORATADO","MANGUERAS","PICO DE GANSO AL MUEBLE CON MANGUERA DE COLORES SIN MARCA","CORRUGADA","NIU","1","","","90","","0"
"485","01236","CERAMICA","PORCELANICO","PISO BRISTOL CARAMELO DE 60X60 (1.80X5PZAS)","CELIMA","MTK","1","","","24.5","","0"
"486","FUT75VKZ1G","nacional 24X40","CERAMICA","MAVI AZUL SAN LORENSO","SAN LORENSO","MTK","1","","","28","","0"
"487","AP0JFDU9R5","nacional 24X40","CERAMICA","LARIZA TURQUEZA","SAN LORENSO","MTK","1","","","29","","0"
"488","AW27V81UQM","","","PICO DE GANZO SOBRE PONER F.","","NIU","1","","","35","","0"
"489","NHZXLR7CP3","URINARIO PLUS","LLAVE URINARIO","LLAVE URINARIO PLUS FRATELLI","FRATELLY","NIU","1","","","5","","0"
"490","01244","LLAVE PLUS","LLAVE PLUS URINARIO","LLAVE URINARIO PLUS FORTALY","FORTALY","NIU","1","","","85","","0"
"491","51VQDCYGIL","","","VALVULA DE INGRESO FRATELLI DE 1/2","","NIU","1","","","11","","0"
"492","PE9G4AJN0Y","","","TRAMPA P CON REGISTRO RECORD","GRIFERIA","NIU","1","","","25","","0"
"493","EHBKUQ3WGM","","","LLAVE LAVATORIO FRATELLI PEQUEÑO C/N","","NIU","1","","","50","","0"
"494","YH4EL968MQ","","","LLAVE LAVATORIO GRANDE DE FLUJO - FRATELLI","","NIU","1","","","45","","0"
"495","E839LBN0HQ","","","DESAGUE PUSH- FRATELLI","","NIU","1","","","40","","0"
"496","6DU9RQOTE1","","","DESAGUE APACHE","","NIU","1","","","40","","0"
"497","3R7ALKUPQ2","","","JABONERA ACRILICA","","NIU","1","","","25","","0"
"498","01256","","","MEZCLADORA DE DUCHA DE 8 RUBINETO","RUBINETO","NIU","1","","","180","","0"
"499","01257","","","TRAMPA BOTELLA PARA LAVATORIO ECKOGRIF","ECKOGRIF","NIU","1","","","15","","0"
"500","WSACJ1PMIU","","","OVALIN MONOCOMANDO PESADO","","NIU","1","","","1","","0"
"501","01261","","","CAÑO PARA LAVADORA MIXTO - APACHE","APACHE","NIU","1","","","50","","0"
"502","JEUXC1VWLR","","","CAÑO BOTADERO JARDIN- BRONCE","","NIU","1","","","28","","0"
"503","SUMYELCXVO","","","DESAGUE PLUSH COMANDO-FRATELLI","","NIU","1","","","28","","0"
"504","6ZBK98U0DX","","","CAÑO BOTADERO","","NIU","1","","","1","","0"
"505","19VDJC3B57","","","DESAGUE PLUSH OVALIN CROMADO APACHE","","NIU","1","","","28","","0"
"506","1ICFA2ZWL4","","","TRAMPA RECORD CAJA","","NIU","1","","","1","","0"
"507","8WLDM21C4R","","","ACCESORIO PLUS 2 HG","","NIU","1","","","1","","0"
"508","NC6K2SD4OA","","","TAPA REDONDO BONE-TREBOL","","NIU","1","","","25","","0"
"509","2YQ1G8LWFS","","","TAPA REDONDO BLANCO-TREBOL","","NIU","1","","","25","","0"
"510","24JSRX89ZV","","","NIVELADOR MIXTO F3 AZUL","","NIU","","","","1","","0"
"511","XTJ2E1GKLS","","","TAPA CAIDA LENTA ALMENDRA-TREBOL","","NIU","1","","","25","","0"
"512","VL892YAJ5B","","","NIVELADOR FABER PLASMIXTO","","NIU","1","","","1","","0"
"513","501G9OHDZW","","","REPUESTO FAVER PLAS 1","","NIU","1","","","1","","0"
"514","0VF7TZ9CPN","","","REPUESTO FAVER PLAS 2","","NIU","","","","1","","0"
"515","0LYU52PSKH","","","TAPA CAIDA LENTA AZUL PASTEL-TREBO","","NIU","1","","","1","","0"
"516","01283","","","TAPA ECONOMICA BLANCA AMERICAN","","NIU","1","","","1","","0"
"517","01288","","","TOALLERO A GRUÑA DE ALUMINIO DE 2""","","NIU","1","","","18","","0"
"518","01289","","","TOALLERO DE ALUMINIO DE 1/2 A PRESION","","NIU","1","","","13","","0"
"519","LBKH0NUO1J","","","LAVADERO DE 2 POZAS- TROTAMONTINA","","NIU","1","","","410","","0"
"520","982ZJX0MAE","","","LAVADERO DE 1 POZA ONDO C/E CODIFER","","NIU","1","","","140","","0"
"521","01297","","","LAVADERO DE 1 POZA CHICO TRATAMONTINA","","NIU","1","","","180","","0"
"522","XPFCK7VMG5","DECORADO PARA COSINA","","DECORADO ANDES COFFY COSINA 30X60","ANDES COFI","NIU","1","","","20","","0"
"523","LHAMF7UQKX","DECORADO PARA COSINA","","DECORADO SEA COSINA 30X60","SEA COSINA","NIU","1","","","20","","0"
"524","URYA2K3QDS","DECORADO PARA COSINA","","DECORADO COFFI LATE COSINA 30X60","","NIU","1","","","20","","0"
"525","98K3X4LTRM","DECORADO PARA COSINA","","DECORADO TETERA GRIS COSINA 30X60","TETERA GRIS","NIU","1","","","20","","0"
"526","3MY72WJBSI","DECORADO PARA BAÑO","","DECORADO SEA PLATA BAÑO 30X60","SEA PLATA","NIU","1","","","20","","0"
"527","01305","","","DECORADO IMPORTADO GRESIA PEZ BAÑO 30X60","","NIU","","","","20","","0"
"528","9IKQWVY34A","DECORADO PARA BAÑO","","DECORADO SAHARA TOALLA BAÑO","SAHARA TOALLA","NIU","1","","","20","","0"
"529","U724DLBZTY","DECORADO PARA BAÑO","","DECORADO TOALLA BEIGE COSINA 30X60","TOALLA BEIGE","NIU","1","","","20","","0"
"530","9GHFI5CASR","DECORADO PARA BAÑO","","DECORADO TOALLA AZUL 30X60","TOALLA AZUL","NIU","1","","","20","","0"
"531","MGPIK9VC47","DECORADO PARA COSINA","","DECORADO DONAS COSINA 30X60","","NIU","1","","","20","","0"
"532","01310","DECORADO PARA COCINA","","DECORADO SARA PLATA COCINA","SARA PLATA","NIU","1","","","20","","0"
"533","6WLNUX8Y5Q","DECORADO PARA COSINA","","DECORADO PLATOS AZUL 30X60","PLATOS AZUL","NIU","1","","","20","","0"
"534","6NEL3UB9GS","DECORADO PARA COSINA","","DECORADO COCO COSINA 30X60","COCO","NIU","1","","","20","","0"
"535","RHUP0LQNGA","DECORADO PARA COSINA","","DECORADO FLOR GRIS FRESIA 30X60","","NIU","1","","","20","","0"
"536","2Z35WHF0VL","","","DECORADO COCO MARFIL COSINA 30X60","","NIU","1","","","20","","0"
"537","1OL5CG7ETS","DECORADO PARA BAÑO","","DECORADO CEBOLLA BAÑO 30X60","CEBOLLA","NIU","1","","","20","","0"
"538","3V4CD25Q8U","DECORADO PARA","","DECORADO ROSAS COCO MARFIL 30X60","ROSAS COCO","NIU","1","","","20","","0"
"539","NHDCY5F3I8","","","DECORADO ROSAS COCO MARFIL 30X60","ROSAS COCO MARFIL","NIU","1","","","20","","0"
"540","KFSWUA3VJT","DECORADO PARA BAÑO","","DECORADO GARDENIA BAÑO 30X60","","NIU","1","","","20","","0"
"541","UOI2PX01TL","","","MISHIGAN NATURAL 45X45","","NIU","1","","","24","","0"
"542","01321","","","PARED AMAPOLA PLATA 30X60 PRIMERA","","NIU","1","","","35","","0"
"543","8AQTZI6MJX","","","ANDES MARFIL 30X60","","NIU","1","","","35","","0"
"544","01323","","","PARED ANDES TABACO 30X60 (1.62XCAJ) X9 PZA","","NIU","1","","","33","","0"
"545","CGLXST2I3B","","","AMERICA BLANCO 30X30","","NIU","1","","","22.5","","0"
"546","01326","","","PISO ANDREA AZUL 45X45 PRIMERA (2.23 X 11 PZAS)","","NIU","1","","","21","","0"
"547","01330","","","PISO ARIANA PLATA 45X45 /2.03XCAJ) X 10PZA","","NIU","1","","","22","","0"
"548","01331","","","PISO AUSTIN NATURAL 45X45 (2.23XCAJ) X 11PZA","","NIU","1","","","21","","0"
"549","01333","PICO AL MUEBLE","GRIFERIA","LLAVE PARA COCINA CORRUGADO AL MUEBLE -FRATELLI","MUEBLE","NIU","1","","","85","","0"
"550","4I1D3TKQFE","IMPORTADO","INNIDORO BLANCO TWENTY","INNODORO BLANCO TWENTY ONE PEACE","ONE PEACE","NIU","1","","","320","","0"
"551","8K5014HLX7","nacional","PORCELANICO DE 60X60","PORCELANICO OXFOR GRAFITO DE 60X60","SAN LORENSO","MTK","1","","","35","","0"
"552","KPQG7XSZE5","himportado","PORCELANATO DALLAS BEIGE","PORCELANATO DALLAS BEIGE 60X60 VIDRI","BEIGE 60X60","MTK","1","","","58","","0"
"553","01341","nacional","CELIMA 30X60","PARED DALIA HUESO 30X60 PRIMERA","DALIA HUESO 1","NIU","1","","","35","","0"
"554","VALD6SQ4KX","nacional","PISO 45X45 ARIANA","ARIANA HUESO 45X45","CELIMA","MTK","1","","","24.5","","0"
"555","JO5NRIV9ES","TAZA Y TANQ OMEGA","INODORO ECO","INODORO OMEGA ECO BOTON","BOTON","NIU","1","","","190","","0"
"556","U3FP2M85OW","RODOPASO ESCALERA HUESO","CATONERA CON JEBE","RODOPASO HUESO","ALUMI","NIU","1","","","45","","0"
"557","W8AZFYUDLT","","","DALIA GRIS 30X60","CELIMA","MTK","1","","","32","","0"
"558","01347","","","PARED FRESIA PLUS GRIS 30X60 (2.18 X 12PZ)","CELIMA","NIU","1","","","34","","0"
"559","01350","","","PARED ABSOLUT BLANCO 30X60 (1.81X CAJ) X 1OPZAS","CELIMA","MTK","1","","","33.5","","0"
"560","01352","","","LLAVE URINARIO PLUSH VAINSA","VAINSA","NIU","1","","","75","","0"
"561","01353","","","PERFIL PVC IMPORTADO MARFIL #10","IMPORTADO","NIU","1","","","4.5","","0"
"562","01355","","","PERFIL PVC IMPORTADO 10 MARMOL ROSSIPLAST","ROSSIPLAST","NIU","1","","","4.5","","0"
"563","01356","DALLAS GRIS VIDRIF 60X60","PORCELANATO 60X60 VIDRIF GRIS","PORCELANATO DALLAS GRIS 60X60 (1.44XCAJ) X 4PZA VIDRI","DALLAS","MTK","1","","","58","","0"
"564","6PX4H3TM8N","GEOMETRICO 60 X60 MADERA BLANCA","VIDRIF 60X60 MADERA BLANCA","PORCELANATO MADERA BLANCA VIDRF 60X60","MADERA BLANCA 60X60","MTK","1","","","63","","0"
"565","01358","","","PORCELANATO MATE RAYAS BEIGE 60X60 (1.44 X CAJ) X 4PZAS","","MTK","1","","","49","","0"
"566","01359","","","PORCELANATO MARMOL BEIGE VIDRIF 60X60 (1.44XCAJ) X 4 PZA","VIDRIFICADO BEIGE 60X60","MTK","1","","","65","","0"
"567","JS40PNL3TR","","","PORCELANATO SAL Y PIMIENTA 60X60 GRANITO BLANCO","SAL Y PIMIENTA DE 60X60","MTK","1","","","100","","0"
"568","01362","MADERO CARAMELO 60X60","MADERO 60X60","PORCELANATO MADERO CARAMELO 60X60 (1.44XCAJ) X 4PZA VIDRIFI","VIDRFI","MTK","1","","","65","","0"
"569","SXW8VF4BKO","CELIMA BETON GRIS 60X60","","PORCELANICO 60X60 BETON GRIS PRIMER","CELIMA 60X60","MTK","1","","","34","","0"
"570","01365","","","PORCELANATO TERRASO MATE 60X60 /1.44XCAJ) X 4 PZA","","MTK","1","","","58","","0"
"571","EJVG5R8CID","","","IVORY BEIGE 27X45 S/L","","MTK","1","","","28","","0"
"572","V30JSDCAUN","","","LARIZA NARANJA S/L","","MTK","1","","","28","","0"
"573","LHW6F1BY8P","","","INODORO BONE FV","fv bone","NIU","1","","","280","","0"
"574","2NU5PCI4GE","","FV BONE LV Y PE","LAVATORIO Y PEDESTAL BONE FV","FV BONE","NIU","1","","","150","","0"
"575","8X36TYF1GR","","","URINARIO NEGRO","","NIU","1","","","110","","0"
"576","9HSOM1674V","","","TENASA PARA NIVELADORES CUÑA","","NIU","1","","","55","","0"
"577","ST1KVJ9EN8","MADERA SECHURA 45X45","PISO SECHURA 45X45","SECHURA CELIMA 45X45","MADERA","MTK","1","","","24.5","","0"
"578","01377","CELIMA LEGNO 45X45","PISO LEGNO 45X45","PISO LEGNO CARAMELO COMER 45X45 (2.03 X CAJ) X 10PZA","MADERA","MTK","1","","","24","","0"
"579","5XD1AC4FIE","","","FRAGUA AQUIMARSA MARRON","","NIU","1","","","5","","0"
"580","9BP4O52IDQ","","","BRAZO DE DUCHA ECO TREBOL","TREBOL","NIU","1","","","25","","0"
"581","OFX6NG0Y19","","","LARIZA BLANCO","","MTK","1","","","29","","0"
"582","01383","TAZA Y TANQ TREBOL BLANCO","","INODORO RAPIDJET BLANCO ECO TREBOL (TAZA Y TANQUE)","RAPIDJET","NIU","1","","","210","","0"
"583","LUJ1TIMX0C","","","INODORO TWENTY BLANCO ONEPIZ","ONEPIZ TWENTY","NIU","1","","","330","","0"
"584","0X4M2T9EZA","","","INODORO ORANGE BLANCO ONEPIZ","ONEPIZ","NIU","1","","","345","","0"
"585","X7PVE0TISC","","","INODORO FV BLANCO","FV","NIU","1","","","210","","0"
"586","01394","","","PISO COLONIA GRIS COMERCIAL 60X60 (1.80X5PZA)","CELIMA 60X60","MTK","1","","","33.5","","0"
"587","27Z193RFLJ","","","DESAGUE DE OVALIN COLA LARGA FAGRISUR","FAGRISUR","NIU","1","","","45","","0"
"588","G6PKW5C12N","DESAGUE AUTOMATICO PARA OVALIN LARGO","","DESAGUE LARGO IMPORTADO OVALIN CROMADO","IMPORTADO","NIU","1","","","45","","0"
"589","A4TOFL6X3M","","","LAVADERO COSINA PARA GRATITO MEDIANO 44X39","FRATELLY","NIU","1","","","165","","0"
"590","01398","","","LAVADERO COCINA PARA GRANITO CHICO 39X37 FRATELLI","FRATELLY M","NIU","1","","","145","","0"
"591","01399","","","PICO DE GANSO PARA COCINA VAINSA - MANIJA CROMADA","VAINSA","NIU","1","","","140","","0"
"592","ZF9N4GTKJC","","","RROLLOS DE CALE INDECO 14","","NIU","1","","","140","","0"
"593","XN7L9TY3OH","","","RROLLO DE CALE INDECO 12","","NIU","1","","","240","","0"
"594","01406","","","INODORO FRENCIA BONE ONE PIECE","FRENCIA","NIU","1","","","235","","0"
"595","01407","","","PORCELANATO NEGRO DE 1.20X60","","NIU","1","","","90","","0"
"596","KZGFMSB20L","","","PORCELANATO UNICOLOR GRIS 60X60","","MTK","1","","","78","","0"
"597","TYQOMP2S47","","","MAYOLICA CELIMA BLANO BRILLANTE DE 30X60","CELIMA","MTK","1","","","32.5","","0"
"598","01412","","","PARED WALLCONCRET PLATA 30X60 (1.81X10PZAS)","CELIMA","MTK","1","","","33","","0"
"599","DBTOEM597X","SET DE BAÑO FRENCIA","","SET DE BAÑO ALUMINIO X 6PIEZAS ALUMINIO","FRENCIA","NIU","1","","","85","","0"
"600","01415","","","OVALIN BARQUITO BONE FRATELLI","BARQUITO","NIU","1","","","145","","0"
"601","3WF9EQSUPL","","","LAVATORIO Y PEDESTAL CELITE CLANCO IMPOR","","NIU","1","","","145","","0"
"602","01417","","","PISO ATLANTA NATURAL 45X45 (2.23XCAJ) X 11PZA","ATLANTA NATURAL","MTK","1","","","24.5","","0"
"603","01418","","","PISO CIPRES MADERA BEIGE MIX COMERCIAL 60X60 (1.80 X CAJ) X5PZA","CELIMA 60X60","MTK","1","","","28.9","","0"
"604","BZVA8UYW65","","","PISO CELIMA MAPLE MADERA NATURAL 60X60","CELIMA","MTK","1","","","27.9","","0"
"605","GB1C75OYD6","","","PISO CELIMA COLCA NATURAL MAD SLM BRILLANTE 45X45","CELIMA","MTK","1","","","25.5","","0"
"606","J8L7Q3NSXT","","","MAYOLICA CELIMA BLANCO BRILLANTE LISO II 30X60","CELIMA","MTK","1","","","33.5","","0"
"607","9QNTZDYL1C","","","PISO CELIMA ANDREA GRIS BRILLANTE MRM SLM 45X45","CELIMA","MTK","1","","","24.5","","0"
"608","JB1M5TKXDQ","","CELIMA","MAYOLICA C ELIMA EMPORIIO PERLA MRM II 30X60","","NIU","1","","","32.5","","0"
"609","01427","","","PARED WALLCONCRET HEXAGONAL 30X60 MAYOLICA CELIMA (1.81X10PZAS)","CELIMA","MTK","1","","","33.5","","0"
"610","01428","","","SIGNO BEIGE 27X45 (2.07 X CAJ) X 17 PZA CELIMA","CELIMA","MTK","1","","","25.5","","0"
"611","01429","","","LAVATORIO Y PEDESTAL BONE TARRACO","TARRACO","NIU","1","","","140","","0"
"612","S02E4D6NBG","","","INODORO BONE TARRACO 1","","NIU","1","","","330","","0"
"613","01431","","","KIT PARA BAÑO SEVILLA CROMADO X 6 PIEZAS","SEVILLA","NIU","1","","","125","","0"
"614","01432","","","INODORO CORONA BLANCO M RAPID JET","CORONA","NIU","1","","","195","","0"
"615","Y4OB96HN51","","","NIVELADORES INPORTADO DE 1M CELESTE CUÑAS","CUÑAS","NIU","1","","","25","","0"
"616","X08ODVFMLC","","","REPUESTOS NIVELADORES OREJITAS IMPORTADAS 1M","IMPORTADO","NIU","1","","","25","","0"
"617","L4C7HE6AZK","","","INODORO ONEPIZ ORANGE BONE","ONEPIZ ORANGE","NIU","1","","","340","","0"
"618","01438","","","LLAVE LAVATORIO MONACO ECONOMICO","GIRALDY GANZITO","NIU","1","","","60","","0"
"619","01439","","","PORCELANATO ROMA GRIS 60X60 (1.44 X CAJ) X4PZA VIDRIFICADO","ROMA VIDRIFICADO","MTK","1","","","68","","0"
"620","2JKU8MAVIT","","","INODORO TREBOL EQUIPADO","","NIU","1","","","280","","0"
"621","5L2MKFWBGI","","","JUEGO KITS ECO","","NIU","1","","","90","","0"
"622","FB1HXRJD3V","","","URINARIO BLANCO EQUIPADO","","NIU","1","","","120","","0"
"623","JUQGF56RXA","","","FRAGUA HUESO","","NIU","1","","","5","","0"
"624","AMG185WOR2","","","FRAGUA NEGRO","","NIU","1","","","5","","0"
"625","W501RYU6CG","","","FRAGUA MARRON","","NIU","1","","","5","","0"
"626","1B8O3I2QH6","","","PORCELANATO DE 1.20 X60 GRANILLA NEGRO","","MTK","1","","","165","","0"
"627","01451","","","INODORO FRENCIA BLANCO ONE PIECE","","NIU","1","","","220","","0"
"628","01452","","","LAVADERO ACERO DOBLE POSA FRATELLI GRANITO","FRATELLY","NIU","1","","","280","","0"
"629","7LEBWO8R62","LADERO 2POZAS PESADO","","LAVADERO DE ACERO MONACO DOBLE POSA PESADO","MONACO","NIU","1","","","280","","0"
"630","W73I9GKZUR","MONACO 2 POZAS C/E","","LAVADERO C/E MONACO 2POZAS PESADO","MONACO","NIU","1","","","260","","0"
"631","01456","PISO MADERA LAMINADA BEIGE <X60","","PORCELANATO MADERA LAMINADA BEIGE 60X60 CELIMA","LAMINADA BEIGE 60X60","NIU","1","","","32.5","","0"
"632","01457","","","INODORO ONE PIECE VALI VAINSA BLANCO","VAINSA VALI","NIU","1","","","420","","0"
"633","01458","","","INODORO ONE PIECE VALI VAINSA BONE","VALI BONE VAINSA","NIU","1","","","430","","0"
"634","01459","","","LAVATORIO Y PEDESTAL BLANCO AVANTE VAINSA","AVANTE VAINZA","NIU","1","","","175","","0"
"635","01460","","","LAVATORIO /P BLANCO LAZIO GRANDE VAINSA","LAZIO VAINZA","NIU","1","","","190","","0"
"636","TUJCHMKB14","INODORO BLANO TWENTY","","INODORO BLANCO TWENTY PLUS","TWENTY ONEPIZ","NIU","1","","","310","","0"
"637","01462","","","LAPIZ CERAMICA PLATEADO 4 BOLITAS CORTO","PLATEADO 4 BOLITAS","NIU","1","","","7","","0"
"638","U1JBVTGKMW","","","LAPIZ MARMOLEADO BEIGE","MARMOLEADO BEIGE","NIU","1","","","7","","0"
"639","01464","LAVDERO DE COSINA POZA SOLA","","LAVADERO COCINA FRATELLI POZA SOLA CH","FRATELLY","NIU","1","","","60","","0"
"640","B67N0AZJSF","MAYOLICA FABRIS","","MAYOLICA 30X60 CURVAS BEIGE FABRIS","CURVAS BEIGE","MTK","1","","","40","","0"
"641","01466","PORCELANATO G/ JEFRY 60X60","","PORCELANATO MADERO GEOMETRICO VIDR 60X60 (1.44XCAJ) X 4PZA","MADERO","MTK","1","","","55","","0"
"642","01471","TABLON MURILLO CELIMA 20X60","","TABLON GRIS 20X60 CELIMA MURILLO SDA","CELIMA MURILLO 20X60","MTK","1","","","31","","0"
"643","01472","PISO CELIMA ANTIOKIA NATURAL 45X45 SDA","","PISO ANTIOQUIA NATURAL CELIMA 45X45 SDA (2.03XCAJ) X 10PZA","CELIMA ANTIOKIA NATURAL","MTK","1","","","27","","0"
"644","01473","BURBUJA BLOCK","","BLOCK DE VIDRIO BURBUJA","BURBUJA","NIU","1","","","14.5","","0"
"645","F0V3IW18GC","","","CINTA TEFLON ROJO","","NIU","1","","","2","","0"
"646","CPFXIWS16Z","LLAVE PARA MESA DE OVALIN","","LLAVE OVALIN MESA MONACO PESADO PALANCA","MONACO","NIU","1","","","180","","0"
"647","V2KRADGMPE","","Fagrisur","LLAVE URINARIO FAGRISUR","Llave urinario","NIU","1","","","35","","0"
"648","01478","","Pico ganzo cosina corrugado negro","LLAVE DE COSINA CORRUGADO MONACO NEGRO","Corrugado","NIU","1","","","85","","0"
"649","01479","","Pico ganzo Mónaco pesado","LLAVE DE COSINA CORRUGADO MONACO PESADO","Monaco","NIU","1","","","90","","0"
"650","01486","LLAVE CORRUDADO COSINA SEMI PESADO PALAN COSTADO","","PICO DE GANSO PARA COCINA CORRUGADO PALANCA COSTADO","CORRUGADO","NIU","1","","","85","","0"
"651","01488","OVALIN AL MUEBLE VIDRIO","","MUEBLE DE OVALIN DE VIDRIO CRISTAL EN L","ELE","NIU","1","","","380","","0"
"652","01489","OVALIN EN L VIDRIO NEGRO","","MUEBLE DE OVALIN NEGRO VIDRIO EN L","ELE NEGRO","NIU","1","","","420","","0"
"653","01490","OVALIN MARRON VIDRIO","","MUEBLE DE OVALIN MARRON VIDRIO EN L","ELE MARRON","NIU","1","","","410","","0"
"654","X5QG1V2NMJ","","","PORCELANATO PERLA 60X60 MATE","","MTK","1","","","48","","0"
"655","1ISDL68GCQ","","","TABLON CELIMA DE 20X60 CIPRE BEIGE","CELIMA TABLON 20X60","MTK","1","","","29.5","","0"
"656","YK8H6A5REI","LAPIZ CERAMICO OVALADO CHICO","","LAPIZ OVALADO CERAMICO PLATEADO DELGADO","","NIU","1","","","8","","0"
"657","IT8CYEM0PH","","Mueble ala pared madera","MUEBLE CUADRADO VIDRIO MADERA BONE","Vidrio","NIU","1","","","400","","0"
"658","01507","PISO CELIMA GRANITO GRIS 60X60","","PISO GRANITO GRIS 60X60 CELIMA (1.80X5PZA)","GRANITO 60X60 CELIMA","MTK","1","","","33.5","","0"
"659","01508","","Piso macael blanco 45x45","PISO MACAEL BLANCO 45x45 CELI (2.03 X CAJ) X 10PZA","Celima macael 45x45","MTK","1","","","24","","0"
"660","QUIWYFOPDZ","LAV Y PEDESTAL BONE DAQUA","","LAVATORIO Y PED3ESTAL DAQUA BONE","DAQUA BONE","NIU","1","","","165","","0"
"661","01514","LLAVE OVALIN TREBOL MODELO GANSITO","","LLAVE OVALIN MODELO GANSITO TREBOL","GANSITO TREBOL","NIU","1","","","110","","0"
"662","01515","PISO AUSTIN 60X60 CELIMA","","AUSTIN NATURAL 60X60 (1.80X5PZAS) COMERCIAL","AUSTIN","MTK","1","","","29","","0"
"663","Y8QJUTMLF6","","","RODOPLAS","","NIU","1","","","4","","0"
"664","HSC4N9A8QB","","","ACSESORIO DE TANQUE TARRACO","ABS TARRACO","NIU","1","","","60","","0"
"665","01523","PORCELANATO TIGRILLO MARRON","","PORCELANATO TIGRILLO MARRON 60X60 (1.44XCAJ) X 4PZA","TIGRILLO MARRON","MTK","1","","","60","","0"
"666","7VHTF2RBSC","","","FRAGUA HUESO","","NIU","1","","","5","","0"
"667","01530","PISO CELIMA DALLAS CARAMELO45X45","","PISO DALLAS CARAMELO 45X45 (2.03 XCAJ) X 10PZA","DALLAS CARAMELO","MTK","1","","","26.5","","0"
"668","01536","","","TAPA ECO BLANCA FAVINZA","","NIU","1","","","18","","0"
"669","4W7CL5N3E2","","","PARED ORTENCIA","","MTK","1","","","30","","0"
"670","XZPFY6W5BJ","","","TABLON","","MTK","1","","","29.5","","0"
"671","XMABQPYEU8","","","DALIA BEIGE","","NIU","1","","","29","","0"
"672","6L37IFJGEX","","","TABLON CIPRES","","MTK","1","","","29.43","","0"
"673","95VLDWUYEF","","","PORCELANATO ROSALINDA","","NIU","1","","","79.2","","0"
"674","01576","","VIDRIFICADO 60X60 MADERA GRIS PLATA","PORCELANATO MADERA GRIS VIDRIFICADO 60X60 (1.44XCAJ) X4PZA","MADERA GRIS 60X60 IMPORTA","MTK","1","","","55","","0"
"675","L6X7H1B5YS","","","TABLON CELIMA MAFLE CAFE 20X60 1RA","CELIMA","MTK","1","","","32","","0"
"676","C2T4KZ7I9Y","","","RODOMETAL","","NIU","1","","","17","","0"
"677","01582","","","PISO CAOBA CARAMELO 60X60 (1.80XCAJ) X 5PZA CELIMA 2DA","CAOBA CARAMELO 60X60","MTK","1","","","29.5","","0"
"678","01583","OVALIN PORTAGRIFERIA BLANCO TWENTY","","OVALIN REDONDO BLANCO TWENTY CON P/G","TWENTY","NIU","1","","","150","","0"
"679","QGP70IRN6W","","","OVALIN BONE TWENTY P/g REDONDO","","NIU","1","","","150","","0"
"680","01585","","","OVALIN BARQUITO BONE TWENTY SIN P/G","","NIU","1","","","150","","0"
"681","9RJ6Y4IOXZ","","","INODORO ONEPIS TWENTY BONE","","NIU","1","","","320","","0"
"682","GT9WR57NB3","","","FRAGUA HUESO","","NIU","1","","","5","","0"
"683","01593","","","LAPIZ CERAMICA PLATEADO 4 BOLITAS LARGO","","NIU","1","","","7","","0"
"684","KD5GE9QROM","","","BAÑOS TREBOL EQUIPADO BLANCO","","NIU","1","","","400","","0"
"685","01599","MAYOLICA ANDREA BEIGE 25X40","","ANDREA BEIGE 25X40 (2.03 X CAJ) X 20 PZA","ANDREA BEIGE 25X40","MTK","1","","","23","","0"
"686","01600","","","CRUCETAS SIMPLES DE 1MM F3","","NIU","1","","","5","","0"
"687","01601","","","CRUCETAS SIMPLE DE 2MM F3","","NIU","1","","","5","","0"
"688","01604","PISO DALLAS CARAMELO 60X60 CELIMA","","DALLAS CARAMELO COMERCIAL DE 60X60 (1.80 X 5PZA)","DALLAS CARAMELO 60X60 2","MTK","1","","","28","","0"
"689","01605","","","INODORO TREBOL BONE RAPID JET","RAPID JET BONE","NIU","1","","","310","","0"
"690","EKNHIDLAP9","","","ACSESORIO DOBLE PARA LAVADERO COSINA C/D","","NIU","1","","","35","","0"
"691","01608","","","PEPELMAS CRISTAL CUADRADO","PEPELMAS CRISTAL","NIU","1","","","30","","0"
"692","01609","","","PEPELMA TIGRILLO MARRON CUADRADO","PEPELMA TIGRILLO","NIU","1","","","30","","0"
"693","WOVDEFPUXI","","","PEPELMA CINTA MARRON","","NIU","1","","","30","","0"
"694","01611","","","PEPELMA SEBRA NEGRA CUADRADA","SEBRA NEGRA","NIU","1","","","30","","0"
"695","WFH294N0TG","","","TRAMPA BOTELLA CROMADO PARA DESAGUE","TRAMPA BOTELLA CROMADO","NIU","1","","","55","","0"
"696","QTWUNBOXIM","","","PEPELMA CINTA PLATA","PEPELMA CINTA PLATA","NIU","1","","","30","","0"
"697","E1BWCL5XF6","","","PEPELMA TIGRILLO MARRON C/FLOR","PEPELMA TIGRILLO MARRON C/FLOR","NIU","1","","","30","","0"
"698","EVO2F0TU3S","","LADRILLO BLANCO CELIMA 30X60","MAYOLICA BRICK BLANCO 30X60","CELIMA BRICK BLANCO 30X60","MTK","1","","","35","","0"
"699","39XV52IZOK","","","ACSESORIO TANQUE PALANCA","","NIU","1","","","30","","0"
"700","GOK52L61JC","","","KIT DE BAÑO LUJO","","NIU","1","","","150","","0"
"701","UVM13LH0ZG","","","INODORO TREBOL BOTON","","NIU","1","","","280","","0"
"702","1DYWQV97R0","TRAMPA CORRUGADA","","TRAMPA CORRUGADA TREBOL","TREBOL","NIU","1","","","35","","0"
"703","QNJPFGRH29","","FRAGUA CHEMICAL DUNAS","FRAGUA CHEMICAL DUNAS","DUNAS CHEMICAL","NIU","1","","","5","","0"
"704","P7Y9TVEH6F","","","PISO CELIMA SECHURA 1 45X45","CELIMA SECHURA 45X45","MTK","1","","","23.5","","0"
"705","01632","DECORADO 30X60 VANANA","","DECORADO IMPORTADO BANANA 30X60 PARA COCINA","IMPORTADO","NIU","1","","","20","","0"
"706","01633","DECORADO DE COSINA CAFETERA GRIS 30X60","","DECORADO DE COCINA CAFETERA GRIZ 30X60 IMPORTADO SARA GRIS","IMPORTADO CAFETERA 30X60","NIU","1","","","20","","0"
"707","CXM0ODKTZL","","","DALIA PLATA 1RA 30X60","CELIMA DALIA PLATA 1RA 30X60","MTK","1","","","35","","0"
"708","J3D62Z5N8M","PICO GANZO AL MUEBLE IMPORTADO INTERMEDIO","","PICO MUEBLE DE COSINA INTERMEDIA IMPORTADO","PIO MUEBLE IMPORTADO","NIU","1","","","75","","0"
"709","Q6C1DI8MTH","","","PORCELANATO MATE60X60","","MTK","1","","","55","","0"
"710","97GH6NIPTE","","","PARED GRIS PLATA 30X60 CELIMA","","MTK","1","","","29.5","","0"
"711","GN3K7AR4WX","","","PISO NEGRO MARMIL 45X45 CELIMA","","MTK","1","","","30","","0"
"712","6LYNCU92OI","","","RODOPLAS ALUMINIO 2.40","","NIU","1","","","11","","0"
"713","01654","HOLMOS MIX 60X60 CELIMA COMER","","PISO CELIMA HOLMOS MIX 2DA 60X60 (1.80XCAJ) x 5 PZA","CELIMA HOLMOS MIX","MTK","1","","","29","","0"
"714","01655","MAYOLICA BAHIA BLANCA CELIMA 30X60 1RA","","PARED BAHIA BLANCA CELIMA 30X60 1RA","CELIMA BAHIA BLANCA 30X60","MTK","1","","","35","","0"
"715","GOVEK4U5ZN","MAYOLICA FILETIGRIS 30X60 CELIMA SDA","","FACHALETA FILETI GRIS 30X60 CELIMA SDA","CELIMA FILETI GRIS","MTK","1","","","34","","0"
"716","01657","","","PISO DELTA NATURAL 45X45 CELIMA 1RA (2.03XCAJ) X 10 PZA","CELIMA DELTA NATURAL CELIMA 45X45","MTK","1","","","26","","0"
"717","01658","","","LLAVE DE LAVATORIO VAINSA","VAINSA","NIU","1","","","85","","0"
"718","01659","","","LLAVE VAINSA","VAINSA","NIU","1","","","85","","0"
"719","3VQ61TZ9L4","","","fara azul 30x30","","NIU","1","","","50","","0"
"720","4OUGNY1PCV","PORCELANICO60X60 CELIMA OPORTO CARAMELO","","PISO 60X60 OPORTO CARAMELO","CELIMA 60X60 OPORTO CARAMELO","MTK","1","","","28.5","","0"
"721","DWJSRETOQG","","","URINARIO","","NIU","1","","","65","","0"
"722","5D0W8G9VTX","","","PERFIL CEPARADOR DE AMBIENTE DE 10 X 2.40","","NIU","1","","","25","","0"
"723","01680","","","LAVATORIO BLANCO TREBOL ECO C/ KIT DE INTALACION","TREBOL ECO","NIU","1","","","45","","0"
"724","01681","","","INODORO HG PALACE BLANCO","","NIU","1","","","280","","0"
"725","F1ZSWEQNOG","","","DECO ESPAÑA 15X60 CARTAGO COSINA","","NIU","1","","","25","","0"
"726","01683","","","DECO ESPAÑA 15X60 MAVI COSINA","","NIU","1","","","25","","0"
"727","FCN1SPQ7LO","","","DECO ESPAÑA 15X60 BARCELONA COSINA","","NIU","1","","","25","","0"
"728","BE3ZX0J1GC","","","DECO ESPAÑA 15X60 QUIOTO BAÑO","","NIU","1","","","25","","0"
"729","KZFAMRGJNS","","","DECO ESPAÑA 15X60 PRAGA BAÑO","","NIU","1","","","25","","0"
"730","RFJIVD96CN","","","DECO ESPAÑA 15X60 CAMILA BAÑO","","NIU","1","","","25","","0"
"731","FALWJYZRSP","","","DECO ESPAÑA 15X60 VIENA BAÑO","","NIU","1","","","25","","0"
"732","LFSQ9UPK0X","","","TREBOSOL","","NIU","1","","","11","","0"
"733","9USPKWLG2N","","","RAKI PISO SAN LORENZO 45X45","","MTK","1","","","23","","0"
"734","U4XWV5D3NM","","","RODOPLAS","","NIU","1","","","4","","0"
"735","W6PRH14EKY","","","SILICONA","","NIU","1","","","15","","0"
"736","01699","","","PARED FRESIA GRIS IMPORTADO 30X60","","MTK","1","","","40","","0"
"737","6TOIUL0G41","","","DECORADO ESPÑOLA 30X60 LISBOA BAÑO","","NIU","1","","","30","","0"
"738","VKM3HTZNGL","","","DECORADO ESPAÑOLA 30X60 COSINA GINOS BEIGE","","NIU","1","","","30","","0"
"739","NI251FM9JC","","","DECORADO ESPAÑOL 30X60 ANA BAÑO ROSA","","NIU","1","","","30","","0"
"740","W3XZ4YQBEG","","","FUXO METRO","","NIU","1","","","400","","0"
"741","01707","","","TRAMPA FORTALY CORRUGADA PLUS","","NIU","1","","","30","","0"
"742","7OKW93G1PV","","","DECORADO ESPAÑOL GUINOS 15X60 COSINA BEIGE","","NIU","1","","","30","","0"
"743","CBHJ2Z6DNT","","","DESGUE 42 PLUSH","","NIU","1","","","150","","0"
"744","01715","","","LLAVE JARDIN DE PVC DE COLORES","PVC DE COLORES","NIU","1","","","18","","0"
"745","01724","","","REGISTRO NACIONAL ECO. DE 2""","","NIU","1","","","8","","0"
"746","ETNVSXJ7QC","","","LLAVE JARDIN","","NIU","1","","","30","","0"
"747","01726","","","REGISTRO MIXTO DE 2""","","NIU","1","","","10","","0"
"748","01727","","","REGISTRO MIXTO DE 4","","NIU","1","","","18","","0"
"749","01730","","","REGADERA DE DUCHA CUADRADA DE 6"" FRATELLI","","NIU","1","","","65","","0"
"750","01732","","","PERFIL SEPARADOR DE AMBIENTE EN T X 2.40","","NIU","1","","","25","","0"
"751","01733","","","REGADERA DE LUJO ESPAÑOLA DE 8"" APACHE","APACHE","NIU","1","","","90","","0"
"752","5ZDA0XLEGT","","","REGADERA DE DUCHA ACERO DE 8 SEVILLA","","NIU","1","","","70","","0"
"753","09APQSJV1W","","","REGADERA DE ACERO DE DUCHA SEVILLA DE 6","","NIU","1","","","65","","0"
"754","01737","","","MAYOLICA BETZEN CLARO JEFRY 30X60 IMPORTA","","MTK","1","","","42","","0"
"755","PFTDZ2W0RK","","","MAYOLICA BETZEN 30X60 MARRON JEFRY IMPORTADO","","MTK","1","","","42","","0"
"756","KBD14SMENT","","","DALLAS CARAMELO DE 60X60 1RA CELIMA","","MTK","1","","","32","","0"
"757","SMY61LOUEK","","","PISO ATENAS GRIS 45X45 CELIMA","","MTK","1","","","25","","0"
"758","B4N70R5MZQ","","","LADRILLOS","","NIU","1","","","0.85","","0"
"759","01751","","","TABLONES COLOR GRIS 1.20","","MTK","1","","","33","","0"
"760","8NTEU19MGX","","","JUEGOS DE ACCESORIO DE INSTALACION","","NIU","1","","","45","","0"
"761","B6QZM5X9P8","","","SHARA PLATA","","NIU","1","","","230","","0"
"762","Q5AL0RONSZ","","","RODOPLAS","","NIU","1","","","133","","0"
"763","COUA1652RQ","","","SUPER NEGRO P","","NIU","1","","","420","","0"
"764","ER02TQOBGH","","","TIGRILLO","","NIU","1","","","111","","0"
"765","OAWQKB97PN","","","FRAGUA GRIS","","NIU","1","","","40","","0"
"766","01781","","","PORCELANATO CALACATA MATE BLANCO CELIMA 30X60 (1.48XCAJ) X 4PZA","","MTK","1","","","36","","0"
"767","01782","","","PISO BRASILIA NATURAL 45X45 (2.03XCAJ) X10 PZA CELIMA","","MTK","1","","","28","","0"
"768","01784","","","PARED AQUARELA PLATINO GRIS PRIMERA 30X60 CELIMA","","MTK","1","","","32","","0"
"769","01785","","","PARED MOSAICO GRIS 30X60 CELIMA (1.81 X 10 PZAS)","","MTK","1","","","32","","0"
"770","01788","","","PORCELANATO MADERA BELEN 60X60 (1.44 X CAJ) CELIMA X4PZA","","MTK","1","","","55","","0"
"771","01791","","Mayolica nasca beige 27x45","NAZCA BEIGE 27X45 (2.07 X CAJ) X 17PZA CELIMA","Celima","MTK","1","","","24","","0"
"772","01792","","PISO PERLADO NEGRO COMERCIAL45 X45","PISO PERLADO NEGRO 45X45 (2.23X11PZAS) COMER CELIMA","","MTK","1","","","28","","0"
"773","01793","","","PISO CEMENTO GRIS PLATA 45X45 CELIMA COMER (2.03XCAJ) X10PZA","CELIMA CEMENTO GRIS 45 1RA","MTK","1","","","28","","0"
"774","6YZBN34UX9","","","FRESIA HUESO 30X60 CELIMA PRIMERA","Fresia hueso 1ra","MTK","1","","","32","","0"
"775","6OSU3QBV2A","","","BETON GRIS COMER 60X60 CELIMA","","MTK","1","","","28","","0"
"776","01796","","","CAOBA BEIGE COMER 60X60 CELIMA (1.80 XCAJ) X 5PZA","","MTK","1","","","28","","0"
"777","X4YLV523J1","","","AMERICAN BLANCO COMER 45X45","Celima","MTK","1","","","24","","0"
"778","6M1APYFS9X","","","trebosol blanco","","NIU","1","","","20","","0"
"779","PGCQ0YM8BT","","","trebosol gris","","NIU","1","","","13","","0"
"780","8XEZ6NFWV5","","","fragua negra","","NIU","1","","","5","","0"
"781","E6Z4381JMQ","","","rodoplas","","NIU","1","","","3.5","","0"
"782","I1PQBL5HJY","","","porcelanto hueso","","MTK","1","","","35","","0"
"783","01815","","","PISO CEMENTO MARRON 45X45 COMER (2.23x11PZAS)","","MTK","1","","","24.5","","0"
"784","MNAQ9BJDS5","","","PISO MATISSE GRISACIO 60X60 COMER","","MTK","1","","","28","","0"
"785","01818","","","PARED LADRILLO BRICK BLANCO 30X60 COMERCIAL (2.18X12PZAS)","","MTK","1","","","29","","0"
"786","YPN5DAHQEF","","","FRAGUA GRIS PLATA","","NIU","1","","","6","","0"
"787","01826","","","PORCELANATO CRUZAT 60X60 (1.44 X CAJ) X 4 PZA VIDRFI IMPORTA","","MTK","1","","","52","","0"
"788","01833","","","PORCELANATO BARY AZUL 60X60 (1.44 X CJA) X 4 PZA ALINA VIDRI","","MTK","1","","","48","","0"
"789","01834","","","PORCELANATO BARY BEIGE 60X60 (1.44XCAJ) X 4PZA ALINA VIDRIF","","MTK","1","","","48","","0"
"790","8EJPTDVXFG","","","OVALIN TWENTY CUADRADO S/P/G","CUADRADO","NIU","1","","","130","","0"
"791","5MU8OYH4WR","","","PORCELANATO MADERADO PARQUET MATE 60X60","","MTK","1","","","48","","0"
"792","01842","","","CAÑO LAVADERO","","NIU","1","","","85","","0"
"793","4QLIRSJ502","","","LAVATORIO DORADO","","NIU","1","","","40","","0"
"794","01848","","","CAÑO ECO","","NIU","1","","","20","","0"
"795","UNS3TR9DY4","","","FACHALETA BOLIBIANA RAYAS GRIS","","MTK","1","","","45","","0"
"796","P98URHJAW4","","","FACHALETA INDIA 30X60 PIEDRAS","","MTK","1","","","65","","0"
"797","2PVTC4U38M","","","INODORO BABY MAXIME BLANCO","","NIU","1","","","280","","0"
"798","I4NL8GTU19","","","PISO MARBELLA 45X45 CALIDA UNICA","","MTK","1","","","20","","0"
"799","01857","","","PISO CASPEN NATURAL 45X45 (2.44XCAJ) X 12PZA","","MTK","1","","","23","","0"
"800","01858","","","PISO GRANITO BEIGE 60X60 1RA (1.80 X CAJ) X 5PZA (PORCELANICO)","","MTK","1","","","32","","0"
"801","R0B7QDY59T","","","PISO ARIANA HUESO 45X45 CELIMA COMER","","MTK","1","","","23","","0"
"802","DQA7J3LNI8","","","LADRILLOS","","NIU","1","","","0.95","","0"
"803","KZLIY6XRVM","","","VENISE PLATA","","MTK","1","","","36","","0"
"804","BIW7XY9UKV","","","FRAGUA GRIS PLATA","","NIU","1","","","5","","0"
"805","TRQMOGB761","","","FRAGUA DUNA","","NIU","1","","","5","","0"
"806","MK7ISWEUYZ","","","JUEGOS DE INSTALACION BABY","","NIU","1","","","50","","0"
"807","SPDW5A80OQ","","","BAÑOS BABY TREBOL EQUIPADO","","NIU","1","","","550","","0"
"808","VQI1FA3X8D","","","Sumido de 2 cro importado","","NIU","1","","","12","","0"
"809","G428JODVM9","","","Registro de 2 cro importado","","NIU","1","","","12","","0"
"810","01880","","","PERFIL PVC ALUMINIO 10.5 BELLAPLAST","BELLAPLAST","NIU","1","","","4","","0"
"811","CPD5F0JWLU","","","PERFIL 10.5 BLANCO PVC","","NIU","1","","","4","","0"
"812","01882","","","PERFIL PVC GRIS PLATA 10.5 BELLAPLAST","BELLAPLAST","NIU","1","","","4","","0"
"813","01883","","","PERFIL PVC MARMOL 10.5 USAPLAST","USAPLAST","NIU","1","","","4","","0"
"814","01884","","","PERFIL PVC MARFIL OSCURO 10.5 BELLAPLAST","BELLAPLAST","NIU","1","","","4","","0"
"815","01885","","","PERFIL PVC NEGRO 10.5 BELLAPLAST","BELLAPLAST","NIU","1","","","4","","0"
"816","T1SP6YFQEA","","","PORCELANATOP TWAFOR 60X60","","MTK","1","","","35","","0"
"817","7BSGRL6JIC","","","PARED FARAT AZUL 27X45 CELIMA","","MTK","1","","","26","","0"
"818","01888","","","PISO PORCELANICO ONICIATA NOCE COMER 60X60 (1.80X5PZA)","","MTK","1","","","27","","0"
"819","YGR7931AKI","","","BAÑOS BLANCO","","NIU","1","","","315","","0"
"820","M5WJX9LPZT","","","BAÑOS BLANCO EQUIPADO","","NIU","1","","","315","","0"
"821","FN2IC8JHVX","","","BLOCK DE VIDRIO ROMBUS","","NIU","1","","","13","","0"
"822","43A71C6B5Z","","","BLOCK DE VIDRIO HOLAS MARINAS","","NIU","1","","","13","","0"
"823","VTPEC3GMAF","","","DECO ESPAÑA 15X60 CHARLOTE","","NIU","1","","","25","","0"
"824","4QAPNO6ZSL","","","DECO ESPAÑA 15X60 APOLO BAÑO","","NIU","1","","","25","","0"
"825","TOD5168W70","","","DECO ESPAÑA 15X60 SEVILLA BAÑO","","NIU","1","","","25","","0"
"826","NP5KL2HWM4","","","DECO ESPAÑA 15X60 LISBOA BAÑO","","NIU","1","","","25","","0"
"827","DAVMJ9G3OS","","","DECO ESPAÑA 15X60 SALAMANCA BAÑO","","NIU","1","","","25","","0"
"828","01904","","","PARED 30X60 IMPORTADO NEXA GOL TABACO","","MTK","1","","","33","","0"
"829","M7QF1J8R2W","","","PARED 30X60 LAR GRIS IMPORTADO","","MTK","1","","","33","","0"
"830","HRDOJEX2UZ","","","PARED 30X60 MARMOL HONDA OSCURO IMPORTA","","MTK","1","","","33","","0"
"831","QKG67PW4MN","","","PARED 30X60 HONDAS MARMOL CLARO IMPORTA","","MTK","1","","","33","","0"
"832","01908","","","PARED LARK PLATA 30X60 IMPORT(1.62XCAJ) X 9PZA","","MTK","1","","","33","","0"
"833","01909","","","PARED PIRAMIDE HUESO/BEIGE 30X60 IMPORTA","","MTK","1","","","33","","0"
"834","01910","","","PARED 30X60 NEXA GOL MARFIL IMPORTADO","","MTK","1","","","33","","0"
"835","01917","","","PARED CAYALTI GRIS 30X60 (1.62X9PZA) COMERCIAL","","MTK","1","","","30","","0"
"836","01923","","","i baño trebol","","NIU","1","","","290","","0"
"837","01924","","","PERFIL 10.5 PVC GRIS OSCURO BELLAPLAST","BELLAPLAST","NIU","1","","","5","","0"
"838","01927","","","PORCELANATO UNIMASA GRIS NATURAL 60X60 (1.44XCAJ) X4PZA VIDRIF","","MTK","1","","","16.56","","0"
"839","01932","","","rodoplas","","NIU","1","","","4","","0"
"840","01939","","","PARED CAYALTI MIX GRIS 30X60 (1.62X9PZA) PRIMERA","","BX","1","","","60.63","","0"
"841","01945","","","baño equipado blanco mas urinario","","NIU","1","","","410","","0"
"842","01946","","","PISO SICUANI NATURAL 45X45 (2.23XCAJ) X11PZA CELIMA","","MTK","1","","","23","","0"
"843","01970","","","urinario trebol equipado blanco","","NIU","1","","","220","","0"
"844","01971","","","URINARIO TREBOL BLANCO","","NIU","1","","","220","","0"
"845","01972","","","LLAVE URINARIO IVALSA NACIONAL","","NIU","1","","","40","","0"
"846","01973","","","PAPELERA BONE LOZA TREBOL","","NIU","1","","","25","","0"
"847","01974","","","TRAMPA CORRUGADA DOBLE FORTALY","","NIU","1","","","30","","0"
"848","01975","","","TRAMPA CORRUGADA CON CANASTILLAS FORTALY","","NIU","1","","","35","","0"
"849","01977","","","PARED PERLADO BLANCO 27X45 CELIMA (2.07 X CAJ) X 17PZA","","MTK","1","","","27","","0"
"850","01978","","","PARED BLANCO BRILLANTE 27X45 (2.07 X CAJ) X 17 PZACELIMA","","MTK","1","","","25","","0"
"851","01981","","","PZAS DE CERAMICAS 45 BLANCO","","NIU","1","","","7","","0"
"852","01982","","","PERFIL PVC BLANCO 10.5 BELLAPLAST","BELLAPLAST","NIU","1","","","4","","0"
"853","01995","","","TREBOL BLANCO","","NIU","1","","","20","","0"
"854","01997","","","URINARIO NEGRO EQUIPADO","","NIU","1","","","144","","0"
"855","01998","","","PORCELANATO ALICANTE NEGRO VIDRIF TAWFOR 60X60 (1.44X4PZAS)","","MTK","1","","","38","2024-09-05 00:00:00","0"
"856","01999","","","PISO HUELVA CARAMELO 45X45 COMER (2.23XCAJ) X 11PZA","","NIU","1","","","23.5","","0"
"857","02002","","","FRAGUA ROJA CHEMICAL","","NIU","1","","","6","","0"
"858","02003","","","FRAGUA ROJA CHEMICAL","","NIU","1","","","6","","0"
"859","02005","","","PERFIL PVC CELESTE OCEANO 8.5 BELLAPLAST","BELLAPLAST","NIU","1","","","3","","0"
"860","02007","","","PERFIL PVC CUERO OSCURO 10.5 VICEPLAST","VICEPLAST","NIU","1","","","3","","0"
"861","02008","","","OVALIN CUADRADO HG BONE SIN P/G","","NIU","1","","","120","","0"
"862","02009","","","OVALIN FRATELLI CUADRADO BLANCO S/P","","NIU","1","","","110","","0"
"863","02010","","","OVALIN MINIBOOL RECTANGULAR BLANCO FRATELLY C/PG","","NIU","1","","","150","","0"
"864","02011","","","OVALIN BARQUITO BONE XM SIN P/G","","NIU","1","","","100","","0"
"865","02012","","","OVALIN BONE OVALADO XM","","NIU","1","","","120","","0"
"866","02013","","","OVALIN BLANCO TWENTY OVALADO","","NIU","1","","","100","","0"
"867","02015","","","OVALIN BLANCO CHICA OVALADO","","NIU","1","","","120","","0"
"868","02016","","","OVALIN BONE CHICA S/PG OVALADO","","NIU","1","","","120","","0"
"869","02017","","","OVALIN DE VIDRIO CHICO CRISTAL OVALADO","","NIU","1","","","110","","0"
"870","02018","","","OVALIN ROJO VIDRIO OVALADO","","NIU","1","","","120","","0"
"871","02019","","","OVALIN CRISTAL OVALADO MEDIANO","","NIU","1","","","120","","0"
"872","02020","","","PORCELANATO MARMOLEADO GRIS 60x60 (1.44XCAJ)X4PZA VIDRI","","MTK","1","","","48","","0"
"873","02034","","","ladrillo pandereta","","NIU","1","","","1","","0"
"874","02042","","","LLAVE DE OVALIN AL MUEBLE FRENCIA","","NIU","1","","","65","","0"
"875","02043","","","LAPIZ CERAMICO LIZO","","NIU","1","","","6","","0"
"876","02044","","","PORCELANATO MARMOLEADO GRIS MATE 60X60","","MTK","1","","","45","","0"
"877","02045","","","PORCELANATO CALACATA BLANCO 60X1.20 (1.44X2PZAS)","","MTK","1","","","52","","0"
"878","02050","","","REGILLAS DE 2","","NIU","1","","","9","","0"
"879","02052","","","DECORADO HELADO COSINA 30X60","","NIU","1","","","16","","0"
"880","02053","","","DECORADO CANTAROS BAÑO 30X60","","NIU","1","","","16","","0"
"881","02054","","","DECORADO TETERA GRIS COSINA 30X60","","NIU","1","","","16","","0"
"882","02055","","","DECORADO LAR COSINA PLATA 30X60","","NIU","1","","","16","","0"
"883","02056","","","DECORADO LAR PLATA BAÑO 30X60","","NIU","1","","","16","","0"
"884","02057","","","DECORADO LADRILLO BLANCO BAÑO 30X60","","NIU","1","","","16","","0"
"885","02058","","","DECORADO IMPORTADO TOALLA BEIGE 30X60 PARA BAÑO","","NIU","1","","","20","","0"
"886","02059","","","DECORADO SARA TOALLA BAÑO 30X60","","NIU","1","","","16","","0"
"887","02060","","","DECORADO SEA MARFIL BAÑO 30X60","","NIU","1","","","16","","0"
"888","02061","","","DECORADO IMPORTADO GRESIA PEZ BEIGE BAÑO 30X60","","NIU","1","","","16","","0"
"889","02064","","","DECORADO ONDAS FLOR GRIS 30X60","","NIU","1","","","16","","0"
"890","02065","","","DECORADO IMPORTADO GRESIA 30X60 PARA BAÑO","","NIU","1","","","20","","0"
"891","02066","","","DECORADO CEBOLLA BAÑO 30X60","","NIU","1","","","16","","0"
"892","02067","","","DECORADO ROSAS MARFIL BAÑO 30X60","","NIU","1","","","16","","0"
"893","02068","","","DECORADO LIRIO BEIGE 30X60","","NIU","1","","","16","","0"
"894","02069","","","DECORADO SEA GRIS BEIGE BAÑO 30X60","","NIU","1","","","16","","0"
"895","02070","","","DECORADO IMPORTADO CAPUCHINO 30X60 PARA COCINA","","NIU","1","","","20","","0"
"896","02071","","","DECORADO ANDES ESTRELLA MAR 30X60","","NIU","1","","","16","","0"
"897","02073","","","DECORADO COFFY LATE COSINA 30X60","","NIU","1","","","16","","0"
"898","02074","","","DECORADO SEA PLATA BAÑO 30X60","","NIU","1","","","16","","0"
"899","02075","","","PORCELANATO CELIMA CERESO CAFE 60X60","","MTK","1","","","52.5","","0"
"900","02076","","","ILLINOIS NATURAL 45X45","","MTK","1","","","20","","0"
"901","02077","","","FACHALETA FILETI GRANITO BEIGE 30X60","","MTK","1","","","28","","0"
"902","02078","","","AVORIO HUESO 45X45","","MTK","1","","","20","","0"
"903","02081","","","LLAVE URINARIO PLUSH CROMADO APACHE","","NIU","1","","","65","","0"
"904","02083","","","BRAZO DE DUCHA SEVILLA ESPAÑOLA 4""","","NIU","1","","","45","","0"
"905","02089","","","BRAZO DE DUCHA TREBOL","","NIU","1","","","45","","0"
"906","02090","","","LLAVE LAVATORIO PLUS FORTALY","","NIU","1","","","85","","0"
"907","02097","","","LARA GRIS 45X45","","MTK","1","","","25.5","","0"
"908","02100","","","PORCELANATO DALLAS GRIS MATE ROMA 60X60 (1.44 X CAJ) X4PZA","","MTK","1","","","45","","0"
"909","02102","","","LUCIANE NEGRO 45X45","","NIU","1","","","8","","0"
"910","02103","","","LARA GRIS 45X45","","BX","1","","","51","","0"
"911","02108","","","ANDREA BEIGE 45X45","","NIU","1","","","23","","0"
"912","02114","","","TABLON","","MTK","1","","","37.5","","0"
"913","02119","","","BAÑO EQUPADO TREBOL","","NIU","1","","","310","","0"
"914","02128","","","RODOPLAS","","NIU","1","","","3","","0"
"915","02130","","","PORCELANATO VETA MARMOLISADO","","MTK","1","","","32","","0"
"916","02132","","","FRAGUA CELIMA BLANCO","","NIU","1","","","7","","0"
"917","02135","","","RODOPLAS AZUL","","NIU","1","","","5","","0"
"918","02136","","","FARAH AZUL 27X45","","MTK","1","","","24.5","","0"
"919","02140","","","PARED AMAPOLA PLATA 30X60 COMERCIAL","","MTK","1","","","32","","0"
"920","02147","","","PORCELANATO HUESO 60X60 (1.44 x4 PZAS)","","MTK","1","","","27","","0"
"921","02148","","","FRAGUA CHEMICAL MARFIL","","NIU","1","","","5","","0"
"922","02150","","","PORCELANATO GRANITO GRIS DOBLE CARGA 60X60 (1.44XCAJ) X 4PZA","ROMASA","NIU","1","","","45","","0"
"923","02156","","","PERFIL BRILLO 9.5X2","","NIU","1","","","12","","0"
"924","02157","","","FRAGUA CHEMICAL ARENA","","NIU","1","","","6","","0"
"925","02167","","","INODORO HG","","NIU","1","","","250","","0"
"926","02169","","","LAVATORIO PEDESTAL TREBOL","","NIU","1","","","120","","0"
"927","02178","","","LAPIDA","","NIU","1","","","450","","0"
"928","02179","","","PORCELATANO MATE","","NIU","1","","","50","","0"
"929","02187","","","FRAGUA HUESO","","NIU","1","","","5","","0"
"930","02189","","","JUEGO DE UÑAS PARA URINARIO","","NIU","1","","","15","","0"
"931","02190","","","TRAMPA PAVCO CON DESAGUE","","NIU","1","","","65","","0"
"932","02194","","","REJILLA 2 IMPORTADA","","NIU","1","","","12.5","","0"
"933","02195","","","REGISTRO IMP. DE 2 PESADO","","NIU","1","","","12","","0"
"934","02197","","","INODORO HG BLANCO","","NIU","1","","","250","","0"
"935","02205","","","REGADERA DE DUCHA MODELO ESPAÑOL DE 6"" CROMADO SEVILLA","SEVILLA","NIU","1","","","55","","0"
"936","02209","","","RODOMETAL","","NIU","1","","","15","","0"
"937","02216","","","PORCELANATO MARBLE BLANCO 60X1.20 (1.44X2PZAS)","","MTK","1","","","40","","0"
"938","02217","","","PORCELANATO JUAN CARLOS MARMOL GRAY GRAY 60X60","","MTK","1","","","40","","0"
"939","02218","","","PORCELANATO JUAN CARLOS GRANITE BLU 60X60 (1.44XCAJ) X4PZA","","MTK","1","","","40","","0"
"940","01836","","","PORCELANATO DALLAS CARAMELO MATE 60X60 (1.44XCAJ) X 4PZA","","MTK","1","","","52","","0"
"941","02222","","","AREQUIIPA MIX 30X60","","MTK","1","","","30","","0"
"942","02223","","","INODORO Y TANQUE ACUACER CORONA","","NIU","1","","","160","","0"
"943","02224","","","LAVATORIO MINOS BLANCO TARRACO","","NIU","1","","","55","","0"
"944","02225","","","PEDESTAL MINOS BLANCO TARRACO","","NIU","1","","","45","","0"
"945","02228","","","CABEZA DE DUCHA REDONDA MONACO","","NIU","1","","","60","","0"
"946","02229","","","GRIFERIA PICO DE GANSO PARA COCINA MONACO","","NIU","1","","","60","","0"
"947","02233","","","PISO MARINA HUESO 45X45 (2.44XCAJ) X 12 PZA","","MTK","1","","","25.9","","0"
"948","02240","","","CANVAS VERDE COMERCIAL 27X45 (1.70 X CAJ) X 14 PZA SAN LORENZO","","MTK","1","","","26.5","","0"
"949","02241","","","PEPELMA FLOR CUADRADA BEIGE","","NIU","1","","","30","","0"
"950","02242","","","PEPELMA ESFERA MARRON","","NIU","1","","","30","","0"
"951","02243","","","DECORADO FLOR AZUL PARA BAÑO HUGO 30X60","","NIU","1","","","20","","0"
"952","02244","","","PARED FLOR CELESTE CLARO HUGO 30X60","","MTK","1","","","28","","0"
"953","02245","","","PARED FLOR AZUL OSCURO HUGO 30X60 (1.62 X 9PZA)A","","MTK","1","","","28","","0"
"954","02267","","","fara azul","","MTK","1","","","23","","0"
"955","02284","","","temple","","NIU","1","","","30","","0"
"956","02290","","PISO SAN LORENSO MURSIA","PISO MADERA MURSIA 45X45 (2.08XCAJ) X 1OPZA","MURSIA","MTK","1","","","22","","0"
"957","02291","","","INODORO RELINDO PLUS BLANCO","","NIU","1","","","260","","0"
"958","02294","","","FRAGUA CHOCOLATE","","NIU","1","","","7","","0"
"959","02301","","","LLAVE VAINSA PARA OVALIN MATE NEGRO","VAINSA","NIU","1","","","95","","0"
"960","02302","","","PICO DE GANSO VAINSA PARA LAVATORIO COCINA NEGRO","","NIU","1","","","95","","0"
"961","02303","LLAVE PARA COCINA MANGUERA NEGRA FRATELLY","","LLAVE PARA COCINA MANGUERA NEGRA FRATELLI","FRATELLI","NIU","1","","","95","","0"
"962","02304","PISO MARILLA CARAMELO 45X45","","MARILLA CARAMELO 45X45 1RA","","MTK","1","","","24","","0"
"963","02309","ONEPIZ FRENCIA","","INODORO NEGRO FRENCIA ONEPIECE","ONEPIZ","NIU","1","","","420","","0"
"964","02310","","","URINARIO BAMBY TREBOL BLANCO","","NIU","1","","","14","","0"
"965","02311","OVALIN BONE","","MESA MELAMINE BONE DE SOBRE PONER DE OVALIN VIDRIO","","NIU","1","","","320","","0"
"966","02312","","","URINARIO DORADO AZUL","","NIU","1","","","90","","0"
"967","02315","","","PORCELANATO VIDRFICADO","","MTK","1","","","39","","0"
"968","02323","","","FRAGUA GRIS PLATA","","NIU","1","","","7","","0"
"969","02332","","","FRAGUA GRIS","","NIU","1","","","7","","0"
"970","02333","","","FRAGUA GRIS","","NIU","1","","","7","","0"
"971","02336","","","OVALIN MARMOLEADO GRIS REDONDO FRENCIA","","NIU","1","","","150","","0"
"972","02337","","","baños blanco","","NIU","1","","","190","","0"
"973","02341","","","REGILLA","","NIU","1","","","10","","0"
"974","02343","","","CAÑO LAVADERO JARDIN","","NIU","1","","","40","","0"
"975","02345","","","MEDIO BAÑO TARRACO SILVER BOTON","TARRACO","NIU","1","","","340","","0"
"976","02346","","","LAVATORIO FLORIDA BLANCO ECO S/P","FLORIDA","NIU","1","","","35","","0"
"977","02347","INODORO MINOS TARRACO BONE BOTON","","INODORO BONE TARRACO BOTON MINOS","","NIU","1","","","240","","0"
"978","02348","LAVATORIO Y PEDESTAL BONE TARRACO MINOS","","LAVATORIO Y PEDESTAL TARRACO MINOS BONE","MINOS","NIU","1","","","150","","0"
"979","02349","OVALIN BONE RECTANGULAR CON PORTA GRIFERIA","","OVALIN TWENTY BONE C/p GRIFERIA","TWENTY","NIU","1","","","3","","0"
"980","02350","","","PINTURA SHERVINS WILLIANS","","NIU","1","","","390","","0"
"981","02351","","","VALDE CELLADOR","","NIU","1","","","220","","0"
"982","02352","","","BROCHAS TUMY","","NIU","1","","","32","","0"
"983","02353","","","RODILLOS","","NIU","1","","","44","","0"
"984","02354","","","TEMPLE","","NIU","1","","","18","","0"
"985","02363","","","PINTURA SHERWINS WILLIANS","","NIU","1","","","390","","0"
"986","02364","","","VALADE DE SELLADOR","","NIU","1","","","220","","0"
"987","02365","","","BROCHAS TUMY","","NIU","1","","","32","","0"
"988","02366","","","RODILLOS","","NIU","1","","","22","","0"
"989","02367","","","TEMPLE","","NIU","1","","","28.8","","0"
"990","02368","","","VALDE SELLADOR","","NIU","1","","","220","","0"
"991","02369","PISO CELIMA CAOBA GRIS 60","","CAOBA GRIS CELIMA 60X60 1RA (1.80X5PZAS)","","MTK","1","","","28","","0"
"992","02370","","","OVALIN RECTANGULAR BONE TWENTY CON P/G","TWENTY","NIU","1","","","110","","0"
"993","02375","PISO REQUENA CELIMA DE 60 1RTA","","PISO REQUENA BEIGE 60X60 1° (1.80XCAJ) X 5PZA","CELIMA REQUENA BEIGE","MTK","1","","","28","","0"
"994","02380","","","PORCELANATO MESA 60X60","","MTK","1","","","38","","0"
"995","02391","TRAMPA PLUS TREBOL","","TRAMPA CORRUGADA TREBOL PLUSH","TREBOL","NIU","1","","","35","","0"
"996","02395","","","TAPA FIORI GUINDA","","NIU","1","","","18","","0"
"997","02396","","","INODOROS MONACO BLANCO ONEPIS","","NIU","1","","","230","","0"
"998","02398","","","PORCELANATO UNIMASA DECOR HOUSE 60 X 60","","MTK","1","","","90","","0"
"999","02400","","","PORCELANATO RÚSTICO 60X60 (1.44X4)","","MTK","1","","","42","","0"
"1000","02402","","","PORCELANATO MADERA MATE GRIS 60 X 60 (1.44X4PZAS)","","MTK","1","","","38","","0"
"1001","02412","","","TRAMPA JAMECO PVC","JAMECO","NIU","1","","","15","","0"
"1002","02413","","","TRAMPA ""P"" ABS PVC","ABS","NIU","1","","","20","","0"
"1003","02414","","","LLAVE LAVATORIO GRIFESUR NACIONAL","","NIU","1","","","25","","0"
"1004","02416","","","PORCELANATO MARMOLIZADO GRIS 60X60 (1.44XCAJ) X 4PZA ALINA VIDRI","","MTK","1","","","36","","0"
"1005","02417","","","PISO SANORA GREY CELIMA 45X45 COMERCIAL X 1.62","","MTK","1","","","18","","0"
"1006","02418","","","PISO SONOMA GREY DE 45X45 X 1.62 CELIMA","","MTK","1","","","20","","0"
"1007","02419","","","PISO ANCOA BEIGE COMERCIAL (2,03XCAJ) X 10PZA","","MTK","1","","","22","","0"
"1008","02424","","","PERFIL ALUMINIO DORADO 9.5 X2 VICEPLAST","VICEPLAST","NIU","1","","","12","","0"
"1009","02425","","","PORCELANATO DALLAS CARAMELO 60X60 MATE","","MTK","1","","","45","","0"
"1010","02426","","","PORCELANATO DALLAS CARAMELO VIDRIFICADO DE 60X60 (1.44XCAJ) X 4PZA","DALLAS VIDRIFICADO","MTK","1","","","40","","0"
"1011","02429","CAOBA GRIS DE 60X60 SDA","","PORCELANICO CAOBA GRIS SDA 60X60 (1.80X5PZAS)","","MTK","1","","","24","","0"
"1012","02430","REQUENA GRIS 60X60 SDA","","PORCELANICO REQUENA GRIS SDA 60X60 (1.80XCAJ) X 5 PZA CELIMA","","MTK","1","","","24","","0"
"1013","02432","","","FRAGUA HUESO","","NIU","1","","","7","","0"
"1014","02435","","","PORECLANATO HUESO","","NIU","1","","","13","","0"
"1015","02436","","","PARED LAR GRIS","","MTK","1","","","24","","0"
"1016","02441","","","INODORO TREBOL BLANCO RAPID JET PREMIUM","PREMIUM TREBOL","NIU","1","","","230","","0"
"1017","02442","","","LAVATORIO Y PEDESTAL BONE FRENCIA IMPORTADO","FRENCIA","NIU","1","","","165","","0"
"1018","02443","","","LAVATORIO Y PEDESTAL BONE FRENCIA","","NIU","1","","","165","","0"
"1019","02451","","","PARED SIENA DORADA EXTRA 30X60 (2.18 X 12PZA)","","MTK","1","","","20","","0"
"1020","02456","","","PISO TERRE GRAFITO 60X60 (1.80X5PZAS) CELIMA","","MTK","1","","","25","","0"
"1021","02459","","","TERRE GRIS","","MTK","1","","","30","","0"
"1022","02464","","","KIT CROMADO HIMPORTADO","","NIU","1","","","110","","0"
"1023","02468","","","OVALIN BLANCO BARQUITO","","NIU","1","","","110","","0"
"1024","02469","","","DESAGUE CROMADO TRAMPA","","NIU","1","","","75","","0"
"1025","02470","","","BROZO DE DUCHA LUJO","","NIU","1","","","65","","0"
"1026","02471","","","PARED FRESIA PLUS GRIS 30X60 (1.81X 10PZ) PRIMERA","","MTK","1","","","29.33","","0"
"1027","02482","","","DESAGUE CROMADO","","NIU","1","","","45","","0"
"1028","02485","","","UÑA FIERRO","","NIU","1","","","10","","0"
"1029","02487","","","LAVATORIO Y PEDESTAL HG BONE","HG","NIU","1","","","160","","0"
"1030","02490","","","CATONERA DE 1 PARA CERAMICA CON ANCLAJE","","NIU","1","","","28","","0"
"1031","02501","","","REPARACION DE UN MOTOR SERVICIO KOHER 5HP","","NIU","1","","","94.5","","0"
"1032","02502","","","BRAZO DE DUCHA FORTALY DE 4 REGULABLE","","NIU","1","","","35","","0"
"1033","02505","","","PORCELANATO MATE BEIGE 60X60","","MTK","1","","","36.5","","0"
"1034","02507","","","CALTONERAS DE ALUMINIO","","NIU","1","","","38","","0"
"1035","02509","","","FACHALETAS IMPORTADAS ASUNCION (BOLIVIANA) 30X45 (1.64 X CAJ) X 12 PZA","","MTK","1","","","48","","0"
"1036","02514","","","fachaletas blancas","","MTK","1","","","32","","0"
"1037","02521","","","MESCLADORA DE DUCHA","","NIU","1","","","450","","0"
"1038","02525","","","PISO IVORY 45X45 (2.03X10PZAS)","","MTK","1","","","18","","0"
"1039","02526","","","SERVICIO DE MOTORES REPARACION 5.5HP","","NIU","1","","","106","","0"
"1040","02527","","","LAPIZ ESCARCHADO DE VIDRIO DE 2.5X1 NEGRO","","NIU","1","","","8","","0"
"1041","02531","","","CAÑO PARA OVALIN CUADRADO PESADO DE MEDIA FORTALY","FORTALY","NIU","1","","","140","","0"
"1042","02532","","","LLAVE OVALIN DE MESA NEGRO PESADO ALTO","","NIU","1","","","250","","0"
"1043","02536","","","OVALIN BARQUITO BLANCO FRENCIA","","NIU","1","","","100","","0"
"1044","02543","","","UÑAS","","NIU","1","","","10","","0"
"1045","02544","","","CAÑO FRATELLI","","NIU","1","","","70","","0"
"1046","02545","","","TRAMPA TREBOL","","NIU","1","","","25","","0"
"1047","02546","","","LLAVE LAVATORIO FRATELLI PESADO CJA","","NIU","1","","","65","","0"
"1048","02547","","","PORCELANICO DE 60X60 MATE CELIMA SUITE GREY (1.80X5PZAS)","","MTK","1","","","23","","0"
"1049","02551","","","PISO CELESTE PISCINA 30X30 CELIMA (2.34XCAJ) X 25 PZA","","MTK","1","","","22","","0"
"1050","02554","PARED BLANCO VISELADO WILMER","","MAYOLICA BLANCA VISELADA HIMPORTA","","MTK","1","","","25","","0"
"1051","02557","","","FRAGUA PARA PORCELANATOX 1KG","","NIU","1","","","6","","0"
"1052","02567","","","RODOPASO MARMOL","","NIU","1","","","38","","0"
"1053","02571","","","FRAGUA HUESO","","NIU","1","","","6","","0"
"1054","02572","","","FRAGUA HUESO","","NIU","1","","","6","","0"
"1055","02573","","","FRAGUA HUESO","","NIU","1","","","6","","0"
"1056","02574","","","FRAGUA HUESO","","NIU","1","","","6","","0"
"1057","02575","","","FRAGUA HUESO","","NIU","1","","","6","","0"
"1058","02576","","","FRAGUA HUESO","","NIU","1","","","6","","0"
"1059","02586","","","LAVDERO DE ACERO","","NIU","1","","","290","","0"
"1060","02590","","","TRAMPA DESAGUE PEGAMENTO PVC","","NIU","1","","","90","","0"
"1061","02591","","","PORCELANATO MATE CARAMELO 60X60 (1.44 X CAJ) X 4PZA","","MTK","1","","","37","","0"
"1062","02592","","","TABLONES","","MTK","1","","","35","","0"
"1063","02594","","","PORCELANATO MADERA BLANCA","","MTK","1","","","36","","0"
"1064","02595","","","MAYOLICA BLANCA CELIMA 30X30 I CAJA MAS 8 PIEZAS","","NIU","1","","","66.8","","0"
"1065","02604","","","FRAGUA HUESO","","NIU","1","","","9","","0"
"1066","02612","","","INODORO SANI FLOR BLANCO ECO","","NIU","1","","","160","","0"
"1067","02613","","","TABLOM DE CELIMA 20X60","","NIU","1","","","38.4","","0"
"1068","02614","","","LAPIZ DE VIDRIO DE 2X0.60","","NIU","1","","","5","","0"
"1069","02617","","","FRAGUA CHEMA NEGRA","","NIU","1","","","10","","0"
"1070","02621","","","FRAGUA GRIS","","NIU","1","","","10","","0"
"1071","02623","","","PORCELANATO NEGRO VIDRFICADO","","NIU","1","","","53.16","","0"
"1072","02627","","","FRAGUA NEGRO","","NIU","1","","","7","","0"
"1073","02628","","","PORCELANATO NEGRO","","NIU","1","","","46.5","","0"
"1074","02650","","","baño baby","","NIU","1","","","250","","0"
"1075","02661","","","PARED AMARILLO 30X60","","MTK","1","","","28","","0"
"1076","02662","","","PERFIL BRILLO 9.5 X 2.40 BELLAPLAST","BELLAPLAST","NIU","1","","","12","","0"
"1077","02666","","","FRAGUA CERAMICA","","NIU","1","","","5.03","","0"
"1078","02667","","","PRCELANATO HUESO DE 60X60","","MTK","1","","","22.5","","0"
"1079","02669","","","MAYOLICA BLANCO BETAS","","MTK","1","","","25","","0"
"1080","02680","","","LAVATORIO CHICO EQUIPADO","","NIU","1","","","110","","0"
"1081","02687","","","PISO ORION GRIS 45X45 (2.23X11PZAS) COMERCIAL","","MTK","1","","","19","","0"
"1082","02694","","","REGILLA","","NIU","1","","","9","","0"
"1083","02695","","","REJILLA ECONOMICO DE 2""","","NIU","1","","","8","","0"
"1084","02710","","","PARED BLANCO BRILLANTE 27X45","","NIU","1","","","45.33","","0"
"1085","02712","","","PEGAMENTO CHEMAYOLIC","","NIU","1","","","55","","0"
"1086","02721","","","LAVTORIO GRANDE TREBOL","","NIU","1","","","250","","0"
"1087","02723","","","TRAMPA LAVATORIO","","NIU","1","","","25","","0"
"1088","02737","","","FRAGUA MEDERA","","NIU","1","","","7","","0"
"1089","02743","","","LLAVE CORRUGADO DE COCINA C&A","C&A","NIU","1","","","80","","0"
"1090","02748","","","fragua negra","","NIU","1","","","10","","0"
"1091","02751","","","PEGAMENTO CELIMA GRIS","","NIU","1","","","18","","0"
"1092","02753","","","canaletas","","NIU","1","","","3","","0"
"1093","02755","","","temple","","NIU","1","","","8","","0"
"1094","02761","","","GRAFUAS GRIS","","NIU","1","","","7","","0"
"1095","02770","","","FRAGUA GRIS","","NIU","1","","","7","","0"
"1096","02772","","","PEGAMENTO CELIMA BLANCO EXTRAFUERTE","","NIU","1","","","25","","0"
"1097","02773","PEGAMENTO PARA MAYOLICA PEGAVAL GRIS","","PEGAMENTO PEGAVAL GRIS","","NIU","1","","","25","","0"
"1098","02777","","","FRAGUA GRIS","","NIU","1","","","7","","0"
"1099","02781","","","FRAGUA GRIS","","NIU","1","","","7","","0"
"1100","02784","","","FRAGUA CHEMA GRIS PLATA","","NIU","1","","","13","","0"
"1101","02785","MAYOLICA 25X40 ESENSE BLANCO","","MAYOLICA ESSENCE BLANCO 25X40 (2.03 XCAJ) X 2O PZA PARED","CELIMA 25X40","NIU","1","","","19","2024-03-11 00:00:00","0"
"1102","02786","MAYOLICA PARED CHOCOLATE GRIS 27X45","","PARED CHOCOLATE GRIS 27X45 CELIMA (2.07 X17 PZA) PRIMERA","CELIMA 27X45 PARED","MTK","1","","","23","2024-03-11 00:00:00","0"
"1103","02787","MAYOLICA PARED CHOCOLATE AZUL 27X45","","CHOCOLATE AZUL 27X45 CELIMA (2.07XCAJ) X 17PZA","CELIMA CHOCOLATE AZUL","MTK","1","","","24","2024-03-11 00:00:00","0"
"1104","02788","PORCELANICO LAMINADO BALSA SDA CELIMA DE 60X60","","LAMINADO BALSA SDA DE 60X60 (1.80X5PZAS)","","MTK","1","","","24","2024-03-11 00:00:00","0"
"1105","02789","","","PORCELANATO TRAVERTINO HUESO DE 60X60 (1.44XCAJ) X 4PZA","TRAVERTINO DE 60 HUESO","MTK","1","","","24","2024-03-12 00:00:00","0"
"1106","02790","PARED DUNAS NARANJA 25X40","","DUNAS NARANJA 25X40 (2.03 XC AJ) X 20 PZA CELIMA","","MTK","1","","","23","2024-03-12 00:00:00","0"
"1107","02791","PARED SCALA JASPEN ROJO CELIMA 30X60 1RA","","ESCALA JASPES ROJO 1RA 30X60 CELIMA 1.80MT 10PZAS","SCALA JASPEN ROJO","MTK","1","","","28","2024-03-12 00:00:00","0"
"1108","02796","","","OVALIN MINIBOOL BLANCO RECTANGULAR MONACO 34X29 CON P/G","","NIU","1","","","120","","0"
"1109","02797","","","OVALIN MINIBOOL CUADRADO BLANCO MONACO CON P/G 38X38","","NIU","1","","","120","2024-03-14 00:00:00","0"
"1110","02798","","","LLAVE DE COSINA CORRUGADO MONACO ALA PARED","MONACO COSINA ALA PARED CORRUGADO","NIU","1","","","85","","0"
"1111","02799","PARED CELIMA TROPIC HUESO 30X60","","MURO TROPIC PLUS HUESO BRILL 30X60 (1.80X10PZA)SDA MAYOLICA","CELIMA TROPIC HUESO","MTK","1","","","22","2024-03-14 00:00:00","0"
"1112","02800","PARED CELIMA BAHIA GRIS PLUS 30X60 COMER","","PARED BAHIA GRIS PLUS SDA 30X60 MAYOLICA","","MTK","1","","","22","","0"
"1113","02801","ACSESORIO DE TANQ PALANCA SEVILLA","","ACCESORIO DE TANQUE PALANCA SEVILLA","SEVILLA","NIU","1","","","40","","0"
"1114","02802","BRAZO DE DUCHA ESPAÑOLA DE 8 CROMADO","","BRAZO DE DUCHA ESPAÑOLA DE 8 REDONDO CROMADO","","NIU","1","","","85","","0"
"1115","02803","BRAZO DE DUCHA DE 6 CROMADO","","BRAZO DE DUCHA ESPAÑOLA DE 6 CROMADO","","NIU","1","","","75","","0"
"1116","02804","BRAZO DE DUCHA DIROFASA SEMI PESADO REDONDO","","BRAZO DE DUCHA IMPORTADO REDONDO DE 4 SEMIPESADO","","NIU","1","","","45","2024-03-14 00:00:00","0"
"1117","02805","BRAZO DE DUCHA SEVILLA SEMIPESADO DE 4","","BRAZO DE DUCHA REDONDO SEVILLA SEMI PESADO DE 4","","NIU","1","","","45","","0"
"1118","02812","","","PERFIL ALUMINIO MATE DE 12 X2.40 VICEPLAST","VICEPLAST","NIU","1","","","12","","0"
"1119","02814","","","PERFIL ALUMINIO DORADO 11.5 X 2 VICEPLAST","VICEPLAST","NIU","1","","","15","","0"
"1120","02815","","","PERFIL NEGRO BRILLANTE DE 9.5X2.00 VISEPLAST","VISEPLAST","NIU","1","","","15","","0"
"1121","02816","","","PERFIL ALUMINIO EN L DE 10X 2.40 VICEPLAST","VICEPLAST","NIU","1","","","13","2024-03-20 00:00:00","0"
"1122","02817","","","PERFIL ALUMINIO EN L DE 12X2.40 VICEPLAST","VICEPLAST","NIU","1","","","13","2024-03-20 00:00:00","0"
"1123","02819","","","PARED BRICK ONDAS PLATA 30X60 COMER","CELIMA BRICK PLATA","MTK","1","","","23","2024-03-23 00:00:00","0"
"1124","02821","LLAVE FRATELLY COSINA CORRUDADO ALQAM PARED","","PICO DE GANSO PARA COCINA FRATELLI CORRUGADO PESADO","","NIU","1","","","95","","0"
"1125","02822","","","PORCELANATO MATE BLANCO DE 60X60 LILLY (1.44XCAJ) X 4PZA","CELIMA LILLY MATE 60X60","MTK","1","","","35","2024-03-27 00:00:00","0"
"1126","02829","","","LSPIZ CERAMICO","","NIU","1","","","5","","0"
"1127","02831","","","CRUCETA SIMPLE DE 3MM F3","","NIU","1","","","5","","0"
"1128","02833","","","FRAGUA CHOCOLATE","","NIU","1","","","6","","0"
"1129","02834","","","INODORO TREBOL EQUIPADO","","NIU","1","","","227","","0"
"1130","02835","","","OVALIN CUADRADO BLANCO TWENTY S/P","TWENTY","NIU","1","","","120","","0"
"1131","02836","","","PISO ALMANSA NATURAL 45X45 CELIMA (2.23XCAJ) X 11PZA","","MTK","1","","","20","","0"
"1132","02837","","","NAPOLES GRIS 27X45 (2.07XCAJ) X 17 PZA PARED","","MTK","1","","","22","","0"
"1133","02839","","","KIT PARA BAÑO BLANCO LOZA MILANO X 5 PZAS","MILANO","NIU","1","","","60","2024-04-08 00:00:00","0"
"1134","02840","","","URINARIO MILANO BLANCO","","NIU","1","","","55","2024-04-08 00:00:00","0"
"1135","02845","","","PISO PARQUET QUILLA CAFE 45X45 (2.08X10PZAS)","","MTK","1","","","15","","0"
"1136","02848","","","PEPELMA CINTA AZUL MARINO","","NIU","1","","","30","","0"
"1137","02849","","","TABLON 30X60","","MTK","1","","","24","","0"
"1138","02858","","","PEPELMA CINTA NEGRA","","NIU","1","","","30","","0"
"1139","02859","","","TABOLO GRIS 30X60","","MTK","1","","","29.6","","0"
"1140","02864","","","PISO PIANO BLANCO 45X45 CELIMA (2.23XCAJ) X 11PZA","","MTK","1","","","18","2024-04-10 00:00:00","0"
"1141","02865","","","MURO TROPIC NEW BLANCO 30X60 COMERCIAL (1.80x10PZAS)","","MTK","1","","","22","","0"
"1142","02866","","","MURO TROPIC NEW AZUL COMERCIAL 30X60 (1.80 X 10PZAS)","","MTK","1","","","23","","0"
"1143","02868","","","OVALIN RECTANGULAR HG BLANCO CON P/G","","NIU","1","","","120","","0"
"1144","02869","","","OVALIN RECTANGULAR HG BLANCO C/P/g","","NIU","1","","","100","2024-04-11 00:00:00","0"
"1145","02871","","","pPORCELANATO DALLAS","","NIU","1","","","30","","0"
"1146","02877","","","LAPIZ DE VIDRIO DE 2.5 X 1 MTR","","NIU","1","","","8","","0"
"1147","02878","","","PISO AMERICAN BLANCO 30X30 (2.34XCAJ) X 25 PZA COMERC","","MTK","1","","","18","2024-04-18 00:00:00","0"
"1148","02880","","","FRAGUA CUERO","","NIU","1","","","5","","0"
"1149","02881","","","CEPARADOR DE ANBIEMTE","","NIU","1","","","25","","0"
"1150","02885","","","LLAVE DE LAVATORIO PESADO MONACO PALANCA","","NIU","1","","","60","2024-04-24 00:00:00","0"
"1151","02886","","","LAVADERO 2 PZAS PESADO MONACO","","NIU","1","","","2.4","2024-04-24 00:00:00","0"
"1152","02887","","","OVALIN FLOR BLANCO MONACO","","NIU","1","","","110","","0"
"1153","02888","","","OVALIN REDONDO MARMOLEADO MONACO SIN P/G","","NIU","1","","","150","","0"
"1154","02889","","","OVALIN CUADRADO BLANCO MONACO C/P 41X41","MONACO","NIU","1","","","110","","0"
"1155","02890","","","INODORO FLORIDA BLANCO ECONOMICO","","NIU","1","","","150","","0"
"1156","02892","","","PISO HUELVA NATURAL DE 60X60 1RA (1.80XCAJ) X 5PZAS","","MTK","1","","","21","","0"
"1157","02893","","","LLAVE LAVATORIO PLUSH APACHE PESADO","","NIU","1","","","65","","0"
"1158","02900","","","PARED FLOR AZUL CLARO HUGO 30X60","","NIU","1","","","28","","0"
"1159","02901","COMERCIAL","","PISO PIANO BLANCO 60X60 COMERCIAL (1.80XCAJ) X 5 PZA","","NIU","1","","","22","","0"
"1160","02902","PIANO BLANCO BRILLANTE","","PISO PIANO BLANCO BRILL 30X60 COMERCIAL (1.80XCAJ) X 10PZA","","NIU","1","","","18","","0"
"1161","02903","","","PARED HEXAGONAL BEIGE 30X60 (1.62XCAJ) X9PZA","","NIU","1","","","26","","0"
"1162","02904","","","PARED PRISMA RED 30X60 (1.44XCAJ) X 8PZA","","NIU","1","","","26","","0"
"1163","02905","","","PISO CEMENTO GRIS 45X45 1° (2.03XCAJ) X 10PZ","","NIU","1","","","23","","0"
"1164","02906","","","PISO SILEX GRIS 60X60 (1.80 X CAJ) X 5PZA","","NIU","1","","","23.5","","0"
"1165","02907","","","PISO HUELVA NATURAL 60X60 (1.80XCAJ) X 5PZA COMERCIAL","","NIU","1","","","22","","0"
"1166","02908","","","PORCELANATO CRUZ BEIGE VIDRIF 60X60 (1.44XCAJ) X4PZA","","NIU","1","","","32","","0"
"1167","02909","","","ANILLO DE CERA CON GUIA OSAKA","","NIU","1","","","8","","0"
"1168","02911","","","REPUESTO DE NIVELEDOR F3 DE1 MM","","NIU","1","","","18","","0"
"1169","A011","","","OVALIN RECTANGULAR BLANCO TWENTY CON P/G","TWENTY","NIU","1","","","90","","0"
"1170","A058","","","OVALIN BARQUITO BLANCO TWENTY SIN P/G","TWENTY","NIU","1","","","78","","0"
"1171","FST-092","","","OVALIN RECTANGULAR MARMOLEADO TWENTY","TWENTY","NIU","1","","","110","","0"
"1172","FST-093","","","OVALIN RECTANGULAR BLANCO DORADO TWENTY","TWENTY","NIU","1","","","140","","0"
"1173","FST-099","","","OVALIN CIRCULAR PLATEADO TWENTY","TWENTY","NIU","1","","","140","","0"
"1174","FST-103","","","OVALIN BARQUITO MARMOLEADO TWENTY","TWENTY","NIU","1","","","104","","0"
"1175","02918","BELLA PLAS PVC","","PERFIL PVC AZUL PASTEL 8.5 BELLA PLAS","PVC BELLA PLAS","NIU","1","","","3","","0"
"1176","02919","","","PERFIL PVC GRIS PLATA 8.5 BELLA PLAS","PVC BELLA PLAS","NIU","1","","","3","","0"
"1177","02920","","","PERFIL PVC BLANCO 8.5 BELLA PLAS","PVC BELLA PLAS","NIU","1","","","3","","0"
"1178","02921","","","PERFIL PVC CARAMELO CLARO 8.5 BELLAPLAST","PVC BELLAPLAST","NIU","1","","","3","","0"
"1179","02922","","","PERFIL PVC CUERO 8.5 BELLAPLAST","PVC BELLA PLAS","NIU","1","","","3","","0"
"1180","02923","","","PERFIL PVC CUERO CLARO 8.5 BELLAPLAST","PVC BELLA PLAS","NIU","1","","","3","","0"
"1181","02924","","","PERFIL PVC GRIS CLARO 8.5 BELLAPLAST","PVC BELLA PLAS","NIU","1","","","3","","0"
"1182","02925","","","PERFIL PVC GRIS OSCURO 8.5 BELLAPLAST","PVC BELLA PLAS","NIU","1","","","3","","0"
"1183","02926","","","PERFIL PVC MARFIL OSCURO 8.5 BELLAPLAST","PVC BELLA PLAS","NIU","1","","","3","","0"
"1184","02927","","","PERFIL PVC TURQUESA 8.5 BELLAPLAST","PVC BELLLAPLAST","NIU","1","","","3","","0"
"1185","02929","","","PERFIL PVC MARRON OSCURO 10.5 USA PLAS","PVC USA PLAS","NIU","1","","","4","","0"
"1186","02930","","","PERFIL PVC CUERO 10.5 USAPLAST","PVC USA PLAS","NIU","1","","","4","","0"
"1187","02931","","","PERFIL PVC CUERO CLARO 10.5 USAPLAST","PVC USA PLAS","NIU","1","","","4","","0"
"1188","02932","","","PERFIL PVC CREMA 10.5 USA PLAS","PVC USA PLAS","NIU","1","","","4","","0"
"1189","02933","","","PERFIL PVC GRIS CLARO 10.5 USAPLAST","PVC USAPLAST","NIU","1","","","4","","0"
"1190","02934","","","PERFIL PVC MARFIL CLARO 10.5 USAPLAST","PVC USA PLAS","NIU","1","","","4","","0"
"1191","02935","","","PERFIL PVC MARFIL OSCURO 10.5 USA PLAS","PVC USA PLAS","NIU","1","","","4","","0"
"1192","02936","","","PERFIL PVC ALUMINIO 10.5 USAPLAST","PVC USAPLAST","NIU","1","","","4","","0"
"1193","02937","","","PERFIL ALUMINIO BRILLO 9.5 X 2.40 USAPLAST","USA PLAS","NIU","1","","","10","","0"
"1194","02938","","","PERFIL ALUMINIO BRILLO 11.5 X 2,40 USAPLAST","USA PLAS","NIU","1","","","12","","0"
"1195","02939","","","PERFIL ALUMINIO MATE 9.5 X 2.40 USAPLAST","USAPLAST","NIU","1","","","10","","0"
"1196","02940","","","PERFIL ALUMINIO MATE 11.5 X 2.40 USAPLAST","USAPLAST","NIU","1","","","12","","0"
"1197","02941","","","PORCELANATO MANCHAS GRIS 60X60 (1.44XCAJ) X 4PZA VIDRI","","NIU","1","","","32","","0"
"1198","02942","","","PORCELANATO MANCHAS BEIGE 60X60 (1.44XCAJ) X 4PZA","","NIU","1","","","32","","0"
"1199","02943","","","PERFIL PVC BONE 8.5 FINOPLAST","FINOPLAST","NIU","1","","","3","","0"
"1200","02944","","","PERFIL PVC BONE 8.5 VICEPLAST","VICEPLAST","NIU","1","","","3","","0"
"1201","02945","","","PORCELANATO RECTIFICADO BEIGE 60X60","","MTK","1","","","30","","0"
"1202","02946","","","PEGAMENTO EXTRAFUERTE BLANCO","","NIU","1","","","40","","0"
"1203","02947","","","SIKAFLEX","","NIU","1","","","65","","0"
"1204","02951","","","MEDIO LITRO DE THINER","","NIU","1","","","5","","0"
"1205","02952","","","DISCO DIAMANTADO DE COPA DE 4""","","NIU","1","","","120","","0"
"1206","02954","","","PEGAMENTO BLANCO FLEXIBLE EXTRAFUERTE","","NIU","1","","","25","","0"
"1207","02955","","","FRAGUA CELIMA GRIS","","NIU","1","","","7","","0"
"1208","02957","","","PERFIL PVC CUERO OSCURO 8.5 BELLAPLAST","BELLAPLAST","NIU","1","","","3","","0"
"1209","02958","","","PERFIL PVC CUERO CLARO 10.5 VICEPLAST","VICEPLAST","NIU","1","","","4","","0"
"1210","02959","","","PERFIL PVC MARMOL 10.5 VICEPLAST","VICEPLAST","NIU","1","","","4","","0"
"1211","02960","","","PERFIL PVC CUERO OSCURO 8.5 FINOPLAST","FINOPLAST","NIU","1","","","3","","0"
"1212","02961","","","PERFIL PVC MARFIL CLARO 8.5 FINOPLAST","FINOPLAST","NIU","1","","","3","","0"
"1213","02962","","","PERFIL PVC MARRON TABACO 8.5 FINOPLAST","FINOPLAST","NIU","1","","","3","","0"
"1214","02963","","","PERFIL PVC CARAMELO 8.5 FINOPLAST","FINOPLAST","NIU","1","","","3","","0"
"1215","02964","","","PERFIL PVC MARRON OSCURO 8.5 FINOPLAST","FINOPLAST","NIU","1","","","3","","0"
"1216","02965","","","PERFIL PVC AZUL OSCURO 8.5 FINOPLAST","FINOPLAST","NIU","1","","","3","","0"
"1217","02966","","","PERFIL PVC MARMOL 8.5 VICEPLAST","VICEPLAST","NIU","1","","","3","","0"
"1218","02967","","","PERFIL PVC CUERO OSCURO 8.5 VICEPLAST","VICEPLAST","NIU","1","","","3","","0"
"1219","02968","","","PERFIL PVC GRIS CLARO 10.5 VICEPLAST","VICEPLAST","NIU","1","","","3","","0"
"1220","02969","","","PERFIL PVC ALMENDRA 8.5 VICEPLAST","VICEPLAST","NIU","1","","","3","","0"
"1221","02970","","","PERFIL PVC ALUMINIO 10.5 VICEPLAST","VICEPLAST","NIU","1","","","4","","0"
"1222","02971","","","PERFIL PVC CARAMELO CLARO 10.5 BELLAPLAST","BELLAPLAST","NIU","1","","","4","","0"
"1223","02972","","","LAVATORIO Y PEDESTAL HG BLANCO","HG","NIU","1","","","130","","0"
"1224","02974","","","PERFIL ALUMINIO CUADRADO EUROBORDE","EUROBORDE","NIU","1","","","18","","0"
"1225","02975","","","LAPIZ DE ACERO GRIS 3,5","","NIU","1","","","15","","0"
"1226","02976","","","FRAGUA CELIMA ARENA","","NIU","1","","","7","","0"
"1227","02977","","","FRAGUA MAESTRO GRIS","","NIU","1","","","6","","0"
"1228","02978","","","FRAGUA MAESTRO GRIS PERLA","","NIU","1","","","6","","0"
"1229","02979","","","FRAGUA AQUIMARZA DUNA","","NIU","1","","","6","","0"
"1230","02980","","","FRAGUA AQUIMARZA CELESTE","","NIU","1","","","6","","0"
"1231","02981","","","FRAGUA AQUIMARZA HUESO","","NIU","1","","","6","","0"
"1232","02982","","","PEPELMA LINEAS CRISTAL CARAMELO","","NIU","1","","","30","","0"
"1233","02983","","","PEPELMA TIGRILLO TABACO","","NIU","1","","","30","","0"
"1234","02984","","","PEPELMA MARRON CUADRADO","","NIU","1","","","30","","0"
"1235","02985","","","PEGAMENTO NOVAYOLIC INTERIORES Y EXTERIORES EXTRAFUERTE","","NIU","1","","","13","","0"
"1236","02987","","","INODORO BABY BLANCO HG","HG","NIU","1","","","245","","0"
"1237","02990","","","PEPELMA CELESTE PASTEL","","NIU","1","","","30","","0"
"1238","02991","","","PEPELMA DORADO","","NIU","1","","","30","","0"
"1239","02992","","","PEPELMA MATE PLATEADO","","NIU","1","","","30","","0"
"1240","02993","","","PEPELMA ROSA PLATEADA CUADRADA","","NIU","1","","","30","","0"
"1241","02994","","","PEPELMA HEXAGONO PLATEADO","","NIU","1","","","30","","0"
"1242","02995","","","PEPELMA RUSTICO MARRON","","NIU","1","","","30","","0"
"1243","02996","","","PEPELMA CRISTAL DORADO","","NIU","1","","","30","","0"
"1244","02997","","","PEPELMA ESTERA NEGRO","","NIU","1","","","30","","0"
"1245","02998","","","FRAGUA CHEMA CHOCOLATE","","NIU","1","","","6","","0"
"1246","02999","","","FRAGUA AQUILA ROSADA","","NIU","1","","","6","","0"
"1247","03000","","","OVALIN RECTANGULAR NEGRO MATE MAXIME CON P/G","","NIU","1","","","270","","0"
"1248","03001","","","OVALIN REDONDO BLANCO TWENTY SIN P/G","","NIU","1","","","150","","0"
"1249","03002","","","OVALIN CUADRADO BONE HG CON P/G","HG","NIU","1","","","150","","0"
"1250","03003","","","BLOCK DE VIDRIO SEA WEVE","","NIU","1","","","15","","0"
"1251","03004","","","KIT PARA BAÑO BONE FV","FV","NIU","1","","","85","","0"
"1252","03005","","","KIT PARA BAÑO BLANCO FV","FV","NIU","1","","","75","","0"
"1253","03006","","","KIT PARA BAÑO FRENCIA (CROMADO)","FRENCIA","NIU","1","","","90","","0"
"1254","03007","","","MINI KIT PARA BAÑO BONE FV","FV","NIU","1","","","45","","0"
"1255","03009","","","BLOCK DE VIDRIO COCOS","","NIU","1","","","14","","0"
"1256","03010","","","PARED BRICK ONDA HUESO EXTRA 30X60 (2.18X11PZAS)","","NIU","1","","","20","","0"
"1257","03011","","","CANASTILLA O CABEZAL DE DUCHA CUADRADO DE 6"" FRATELLI","FRATELLY","NIU","1","","","25","","0"
"1258","03012","","","PERFIL PVC LILA CLARO 8.5 BELLAPLAST","BELLAPLAST","NIU","1","","","3","","0"
"1259","03013","","","PERFIL PVC DORADO BRONCE 11.5 ROSSIPLAST","ROSSIPLAST","NIU","1","","","12","","0"
"1260","03014","","","PERFIL MPVC PLATEADO DOBLE PESTAÑA 10MM TORREWS","TORREWS","NIU","1","","","12","","0"
"1261","03015","","","LAVADERO COCINA PEQUEÑO GIGANTE FORTALY C/E","","NIU","1","","","60","","0"
"1262","03016","","","LAVADERO COCINA MEDIANO FRATELLI C/E LIVIANO","","NIU","1","","","80","","0"
"1263","03017","","","LAVADERO COcINA RECORD CAMPEON C/E","","NIU","1","","","220","","0"
"1264","03018","","","LAVADERO COSINA CODIFER C/E PESADO","","NIU","1","","","220","","0"
"1265","03019","","","LAVADERO COSINA MONACO 2POZAS LIVIANO C/E","","NIU","1","","","280","","0"
"1266","03020","","","LAVADERO COSINA TRAMONTINA 2 POZAS C/E","","NIU","1","","","240","","0"
"1267","03021","","","LAVADERO COSINA MONAKO 2 POZAS C/E PESADO","","NIU","1","","","280","","0"
"1268","03022","","","LAVADERO COSINA MONACO MEDIANO C/E PESADO","","NIU","1","","","120","","0"
"1269","03023","","","LAVADERO COSINA MONACO PEQUEÑO JIGANTE C/E PESADO","","NIU","1","","","95","","0"
"1270","03024","","","LAVADERO COSINA NONAKO 2 POZAS S/E PESADO","","NIU","1","","","250","","0"
"1271","03026","","","LAVADERO COSINA TRAMONTINA C/E 50X80","","NIU","1","","","180","","0"
"1272","03028","","","LAVADERO COSINA MONACO 2 POZAS SOLAS PESADO","","NIU","1","","","260","","0"
"1273","03029","","","LAVADERO COcINA MONACO C/E PESADO MODELO RECORD","","NIU","1","","","140","","0"
"1274","03031","","","LAVADERO COCINA FRATELLI POSA ONDA PARA GRANITO PEQUEÑO","","NIU","1","","","140","","0"
"1275","03032","","","NIVELADOR PARA PORCELANATO 2MM 100 UNID F3C (60126)","F3C","NIU","1","","","5.5","","0"
"1276","03033","","","LAVADERO COCINA FRATELLI POSA ONDA GRANDE PARA GRANITO","","NIU","1","","","180","","0"
"1277","03034","","","LAVADRERO COSINA AMERICA LIVIANA POSA SOLA","","NIU","1","","","60","","0"
"1278","03035","","","LAVADERO COSINA CODIFER POSA SOLA GRANDE LIVIANO","","NIU","1","","","80","","0"
"1279","03036","","","LAVADERO COSINA AMERICA POSA SOLA LIVIANO","","NIU","1","","","60","","0"
"1280","03037","","","TABLON GRIS (1.20X6PZAS)","","NIU","1","","","39","","0"
"1281","03039","","","LAVADERO COSINA TRAMONTINA C/E PESADO","","NIU","1","","","160","","0"
"1282","03040","","","NIVELADOR PARA PORCELANATO 1MM 100UNID F3C (60125)","F3","NIU","1","","","5.5","","0"
"1283","03041","","","LAVADERO COCINA FRATELLI MEDIANO C/E LIVIANO","","NIU","1","","","80","","0"
"1284","03042","","","LAVADERO COcINA MONACO C/E MODELO RECORD PESADO","","NIU","1","","","140","","0"
"1285","03043","","","NIVELADOR F3C 1.00MM (60341)","F3","NIU","1","","","8","","0"
"1286","03044","","","LAVADERO COCINA FRATELLI PARA GRANITO INTERMEDIO PESADO","","NIU","1","","","160","","0"
"1287","03045","","","LAVADERO COSINA TRAMONTINA 50X80 C/E","","NIU","1","","","160","","0"
"1288","03046","","","LAVADERO COCINA FORTALY LIVIANO C/E PEQUEÑO LIVIANO","","NIU","1","","","60","","0"
"1289","03047","","","LAVADERO COSINA INOXSOL POSA SOLA","","NIU","1","","","180","","0"
"1290","03048","","","SISTEMA DE NIVELACION TORNADO 50UNID","","NIU","1","","","18","","0"
"1291","03049","","","CUÑA PARA PORCELANATO 100UNID F3C AMARILLO","F3C","NIU","1","","","7.5","","0"
"1292","03050","","","NIVELADOR PARA PORCELANATO 3MM 100 UNID F3C (60127)","F3C","NIU","1","","","5.5","","0"
"1293","03051","","","PIAVE BLANCO 45X45 (2.03X10PZA)","CELIMA","NIU","1","","","19","","0"
"1294","03052","","","LAVATORIO Y PEDESTAL VERDE LIMON TARRACO","TARRACO","NIU","1","","","140","","0"
"1295","03053","","","LAVATORIO Y PEDESTAL ALMENDRA TREBOL","TREBOL","NIU","1","","","130","","0"
"1296","03054","","","LAVATORIO BONE DACQUA","DACQUA","NIU","1","","","85","","0"
"1297","03055","","","LAVATORIO Y PEDESTAL FV BONE","","NIU","1","","","160","","0"
"1298","03056","","","MESA DE MELAMINE SOBRE PONER GRIS PLATA PARA OVALIN VIDRIO","","NIU","1","","","320","","0"
"1299","03057","","","LAVATORIO Y PEDESTAL FV NEGRO","FV NEGRO","NIU","1","","","160","","0"
"1300","03058","","","LAVATORIO Y PEDESTAL BLANCO ITALGRIF","ITALGRIF","NIU","1","","","110","","0"
"1301","03059","","","LAVATORIO GRECIA NEGRO","GRECIA","NIU","1","","","120","","0"
"1302","03060","","","PERFIL PVC CHOCOLATE 8.5 FINOPLAST","","NIU","1","","","3","","0"
"1303","03061","","","LAVATORIO TARRACO BONE","TARRACO","NIU","1","","","85","","0"
"1304","03062","","","LAVATORIO BLANCO TWENTY","TWENTY","NIU","1","","","85","","0"
"1305","03063","","","OVALIN DE VIDRIO CRISTAL GRANDE","","NIU","1","","","130","","0"
"1306","03064","","","INODORO ALMENDRA TREBOL","TREBOL","NIU","1","","","220","","0"
"1307","03066","","","INSERTO DECORADO VIENA PARA BAÑO","","NIU","1","","","20","","0"
"1308","03067","","","INSERTO DECORADO MADRID PARA COCINA","","NIU","1","","","20","","0"
"1309","03069","","","INSERTO DECORADO GINOS BEIGE PARA BAÑO","","NIU","1","","","20","","0"
"1310","03070","","","INSERTO DECORADO KIOTO PARA BAÑO","","NIU","1","","","20","","0"
"1311","03071","","","INSERTO DECORADO SALAMANCA PARA BAÑO","","NIU","1","","","20","","0"
"1312","03072","","","INSERTO DECORADO CARTAGO PARA BAÑO","","NIU","1","","","20","","0"
"1313","03073","","","INSERTO DECORADO MABEL BEIGE PARA BAÑO","","NIU","1","","","20","","0"
"1314","03074","","","INSERTO DECORADO BARCELONA PARA COCINA","","NIU","1","","","20","","0"
"1315","03075","","","INSERTO DECORADO LINDA ROSA PARA BAÑO","","NIU","1","","","20","","0"
"1316","03076","","","DECORADO IMPORTADO CAFE 30 X 60 PARA COCINA","","NIU","1","","","20","","0"
"1317","03077","","","DECORADO IMPORTADO ESTRELLA MAR AZUL 30 X60 PARA BAÑO","","NIU","1","","","20","","0"
"1318","03078","","","DECORADO IMPORTADO TOALLA GRIS 30X60 PARA BAÑO","","NIU","1","","","20","","0"
"1319","03079","","","DECORADO IMPORTADO GIRASOLROSADO 30X60 PARA BAÑO","","NIU","1","","","20","","0"
"1320","03080","","","DECORADO IMPORTADO ALGAS VERDES 30X60 PARA BAÑO","","NIU","1","","","20","","0"
"1321","03081","","","DECORADO IMPORTADO ACUARIO 30X60 PARA BAÑO","","NIU","1","","","20","","0"
"1322","03082","","","DECORADO IMPORTADO JARRON NEGRO 30X60 PARA CCCINA","","NIU","1","","","20","","0"
"1323","03083","","","DECORADO IMPORTADO TAZAS GRIS 30X60 PARA COCINA","","NIU","1","","","20","","0"
"1324","03084","","","DECORADO IMPORTADO ROSAS BEIGE 30X60 PARA BAÑO","","NIU","1","","","20","","0"
"1325","03085","","","LLAVE PREMIUM PARA BOWL/ LAVATORIO BRUSELAS","","NIU","1","","","50","","0"
"1326","03086","","","LLAVE DE DUCHA DE 1/2 X 1/2 CROMADA FAVINZA","FAVINZA","NIU","1","","","30","","0"
"1327","03087","","","DECORADO IMPORTADO FLOR CARAMELO 30X60 PARA BAÑO","","NIU","1","","","20","","0"
"1328","03088","","","DECORADO IMPORTADO FLOR GRIS 30X60 PARA BAÑO","","NIU","1","","","20","","0"
"1329","03089","","","DECORADO IMPORTADO GIRASOL SARA PLATA 30X60 PARA BAÑO","","NIU","1","","","20","","0"
"1330","03090","","","DECORADO IMPORTADO TOALLA MARFIL 30X60 PARA BAÑO","","NIU","1","","","20","","0"
"1331","03091","","","LLAVE LAVATORIO PICO LARGO PESADA MONACO","","NIU","1","","","120","","0"
"1332","03092","","","CUÑA PARA PORCELANATO 100UNID TORREWS AZUL","TORREWS","NIU","1","","","11","","0"
"1333","03093","PISO FIORE CARAMELO 45X45","","FIORE CARAMELO S/L 1RA (2.08","","MTK","1","","","23","","0"
"1334","03094","","","PEGAMENTO CELIMA ORIGINAL BLANCO EXTRAFUERTE","","NIU","1","","","39","2024-05-28 00:00:00","0"
"1335","03097","","","LLAVE LAVATORIO VAINSA PERILLA ACRÍLICA","","NIU","1","","","90","","0"
"1336","03098","","","LLAVE DE DUCHA PALANCA FRATELLI","FRATELLI","NIU","1","","","120","","0"
"1337","03099","","","INODOROS OBELIA BLANCO","OBELIA BLANCO","NIU","1","","","250","","0"
"1338","03101","","","CAÑO BOTADERO CRUZ FRATELLI","FRATELLI","NIU","1","","","40","","0"
"1339","03102","","","CAÑO PLUS AZ","AZ","NIU","1","","","35","","0"
"1340","03103","","","LLAVE LAVATORIO CON PALANCA FORTALY","FORTALY","NIU","1","","","45","","0"
"1341","03104","","","LLAVE DE DUCHA PERILLA ACRILICA VAINSA","VAINSA","NIU","1","","","85","","0"
"1342","03105","","","LLAVE DE OVALIN ALTO PESADO FRATELLI SDY-1","FRATELLI","NIU","1","","","240","","0"
"1343","03106","","","LLAVE DE OVALIN CUADRADO PESADO FRATELLI SDY S-3","FRATELLI","NIU","1","","","240","","0"
"1344","03107","","","LLAVE PARA OVALIN SOBREPONER C/ PERILLA CRUZ FRATELLI SEMIPESADO","FRATELLI","NIU","1","","","85","","0"
"1345","03108","","","PICO DE GANZO PERILLA CRUZ PESADO FRATELLI","FRATELLI","NIU","1","","","90","","0"
"1346","03109","","","LLAVE PARA COCINA CORRUGADO PESADO MANIJA CRUZ FRATELLI","FRATELLI","NIU","1","","","95","","0"
"1347","03110","","","PICO DE GANSO PARA COCINA FRATELLI PESADO MANIJA ALETA","FRATELLI","NIU","1","","","95","","0"
"1348","03111","","","PICO DE GANSO PARA COCINA MANGUERA NEGRA FRENCIA","FRENCIA","NIU","1","","","65","","0"
"1349","03112","","","LLAVE PARA COCINA APACHE CORRUGADO SEMIPESADO","APACHE","NIU","1","","","65","","0"
"1350","03113","","","LLAVE LAVATORIO PERILLA CROMADA VAINSA","VAINSA","NIU","1","","","85","","0"
"1351","03114","","","LLAVE DE DUCHA NACIONAL TECNISUR","TECNISUR","NIU","1","","","35","","0"
"1352","03115","","","LLAVE DE DUCHA MANIJA DE ALETA RUBINETO","RUBINETO","NIU","1","","","65","","0"
"1353","03116","","","LLAVE DE DUCHA PERILLA MODELO TREBOL RUBINETO","RUBINETO","NIU","1","","","65","","0"
"1354","03117","","","LLAVE PARA COCINA CORRUGADA VAINSA","VAINSA","NIU","1","","","140","","0"
"1355","03118","","","LLAVE DE DUCHA CASTLE","CASTLE","NIU","1","","","65","","0"
"1356","03119","","","PICO DE GANSO AL MUEBLE PARA COCINA PERILLA ALETA GIRALDI","GIRALDI","NIU","1","","","60","","0"
"1357","03120","","","MEZCLADORA DE DUCHA VAINSA MANIJA CRUZ","VAINSA","NIU","1","","","380","","0"
"1358","03121","","","MEZCLADORA DE DUCHA VAINSA MANIJA CROMADA","VAINSA","NIU","1","","","380","","0"
"1359","03122","","","MEZCLADORA DE COCINA MANIJA CROMADA RUBINETO","RUBINETO","NIU","1","","","110","","0"
"1360","03123","","","PICO DE GANSO PARA COCINA MANIJA PALANCA FORTALY","FORTALY","NIU","1","","","35","","0"
"1361","03124","","","PICO DE GANSO PARA COCINA MANIJA CRUZ FORTALY","FORTALY","NIU","1","","","35","","0"
"1362","03125","","","PICO DE GANSO PARA COCINA CON MAGUERA DE COLORES APACHE","APACHE","NIU","1","","","90","","0"
"1363","03126","","","MEZCLADORA AL MUEBLE PARA COCINA RUBINETO","RUBINETO","NIU","1","","","110","","0"
"1364","03127","","","LLAVE PARA COCINA CORRUGADA PERILLA CUADRADA APACHE","APACHE","NIU","1","","","65","","0"
"1365","03128","","","PORCELANATO UNIMASA GRANITO GRIS 60X1.20 (1.44X2PZAS)","","NIU","1","","","98","","0"
"1366","03129","","","LLAVE PARA COCINA AL MUEBLE CORRUGADO PERILLA CRUZ PESADO FRATELLI","FRATELLI","NIU","1","","","90","","0"
"1367","03130","","","LLAVE PARA COCINA AL MUEBLE CORRUGADO PERILLA ALETA PESADO FRATELLI","FRATELLI","NIU","1","","","90","","0"
"1368","03131","","","CAÑO JARDIN MANIJA AMARILLO AYRON","AYRON","NIU","1","","","35","","0"
"1369","03132","","","CAÑO JARDIN MANIJA ROJO FERROSI","FERROSI","NIU","1","","","18","","0"
"1370","03133","","","CAÑO JARDIN MANIJA AZUL AMERICA","AMERICA","NIU","1","","","30","","0"
"1371","03134","","","LLAVE LAVATORIO SEMIPESADO PERILLA ALETA GIRALI","GIRALI","NIU","1","","","65","","0"
"1372","03135","","","LLAVE LAVATORIO DE LUJO TREBOL","TREBOL","NIU","1","","","85","","0"
"1373","03136","","","LLAVE PARA OVALIN ALTO SEMIPESADO FORTALY","FORTALY","NIU","1","","","140","","0"
"1374","03137","","","LLAVE DE COCINA CORRUGADA ECONOMICO MANIJA ALETA FRATELLI","FRATELLY","NIU","1","","","65","","0"
"1375","03138","","","LLAVE PARA OVALIN ALTO LIVIANO ECONOMICO SIN MARCA","SIN MARCA","NIU","1","","","65","","0"
"1376","03139","","","PICO DE GANSO PARA COCINA CON MANGUERA LILA FRENCIA","FRENCIA","NIU","1","","","65","","0"
"1377","03140","","","LLAVE MANGUERA COLORES PARA COCINA PERILLA CUADRADA SIN MARCA","SIN MARCA","NIU","1","","","90","","0"
"1378","03141","","","LLAVE PARA COCINA CORRUGADO SATINADO FORTALY","FORTALY","NIU","1","","","110","","0"
"1379","03142","","","LLAVE LAVATORIO DE LUJO SIN MARCA","SIN MARCA","NIU","1","","","85","","0"
"1380","03143","","","LLAVE PARA OVALIN DE LUJO CASTLE","CASTLE","NIU","1","","","130","","0"
"1381","03144","","","LLAVE PARA OVALIN DE LUJO GIRALI","GIRALI","NIU","1","","","130","","0"
"1382","03145","","","LLAVE PARA OVALIN SEMIPESADO MANIJA CRUZ FORTALY","FORTALY","NIU","1","","","65","","0"
"1383","03146","","","LLAVE PARA OVALIN PARA SOBREPONER BAJO PESADO CON PERILLA MONOCOMANDO FRATELLI","FRATELLI","NIU","1","","","85","","0"
"1384","03147","","","LLAVE LAVATORIO MONOCOMANDO DACQUA","DACQUA","NIU","1","","","180","","0"
"1385","03149","","","PEGAMENTO CELIMA GRIS BASICO","","NIU","1","","","39","","0"
"1386","03152","","","BRAZO DE DUCHA REDONDA SEMIPESADO ECON. DIROFASA","DIROFASA","NIU","1","","","45","","0"
"1387","03153","","","REGADERA DE DUCHA MODELO CAMPANA SIN MARCA","SIN MARCA","NIU","1","","","30","","0"
"1388","03154","","","REGADERA DE DUCHA FORTALY EN CAJA","FORTALY","NIU","1","","","35","","0"
"1389","03155","","","REGADERA DE DUCHA REGULABLE SIN MARCA","","NIU","1","","","45","","0"
"1390","03156","","","REGADERA DE DUCHA REDONDA CROMADA SIN MARCA","","NIU","1","","","30","","0"
"1391","03157","","","REGADERA DE DUCHA MODELO ESPAÑOL CROMADO SEVILLA","SEVILLA","NIU","1","","","65","","0"
"1392","03158","","","REGADERA DE DUCHA MODELO ESPAÑOL PVC DE 8"" SIN MARCA","SIN MARCA","NIU","1","","","65","","0"
"1393","03159","","","CANASTILLA DE DUCHA MODELO CAMPANA DE 4"" SEVILLA","SEVILLA","NIU","1","","","45","","0"
"1394","03160","","","REGADERA DE DUCHA PVC BLANCO SEVILLA DE 4""","SEVILLA","NIU","1","","","40","","0"
"1395","03161","","","REGADERA DE DUCHA C/REGULADOR DE 5"" REDONDA SIN MARCA","SIN MARCA","NIU","1","","","60","","0"
"1396","03162","","","LLAVE PARA LAVATORIO NACIONAL GRIFASUR","GRIFASUR","NIU","1","","","35","","0"
"1397","03163","","","TAPON REJILLA DE 2"" CON TAPA JEBE DE 2""","","NIU","1","","","8","","0"
"1398","03165","","","FRAGUA CELIMA NEGRO","","NIU","1","","","7","","0"
"1399","03166","","","BAÑO COMPLETO","","NIU","1","","","420","","0"
"1400","03168","","","LLAVE BOTADERO CON PALANCA FRATELLI","","NIU","1","","","40","","0"
"1401","03169","","","PICO DE GANSO PARA COCINA AL MUEBLE NAC. FAGRICENTER","","NIU","1","","","40","","0"
"1402","03170","","","LLAVE LAVATORIO FRATELLI PERILLA CRUZ SEMIPESADA","FRATELLI","NIU","1","","","65","","0"
"1403","03171","","","DESAGUE CROMADO PUSH PARA OVALIN VENICE","VENICE","NIU","1","","","45","","0"
"1404","03172","","","DESAGUE PUSH LARGO PARA OVALIN CROMADOFRATELLI","FRATELLI","NIU","1","","","60","","0"
"1405","03173","","","DESAGUE DE PVC MONACO 3.5","MONACO","NIU","1","","","45","","0"
"1406","03174","","","LLAVE PARA LAVATORIO QATAR MONACO PERILLA 4 (101004)","MONACO","NIU","1","","","60","","0"
"1407","03175","","","LLAVE PARA LAVATORIO QATAR MONACO PERILLA 3 (101003)","MONACO","NIU","1","","","60","","0"
"1408","03176","","","TRAMPA JAMECO CROMADO","JAMECO","NIU","1","","","35","","0"
"1409","03177","","","LLAVE DE OVALIN PERILLA RUZ LIVIANO FRATELLI","","NIU","1","","","65","","0"
"1410","03178","","","REJILLA DE 4"" CROMADO","","NIU","1","","","14","","0"
"1411","03180","","","FRAGUA CHEMA MARRON","","NIU","1","","","8","","0"
"1412","03182","","","CAOBA CARAMELO","","NIU","1","","","33","","0"
"1413","03184","","","LAVATORIO COCINA","","NIU","1","","","60","","0"
"1414","03187","","","TRAVERTINO HUESO","","NIU","1","","","28","","0"
"1415","03188","","","LAPIZ DE VIDRIO DE 0.60","","NIU","1","","","10","","0"
"1416","03190","","","FLOR AZUL OSCURO","","NIU","1","","","35","","0"
"1417","03191","","","PEGAMENTO BLANCO","","NIU","1","","","17","","0"
"1418","03192","","","MESA DE MELAMINE SOBREPONER PARA OVALIN","","NIU","1","","","320","","0"
"1419","03193","","","LLAVE PARA OVALIN-","","NIU","1","","","65","","0"
"1420","03194","","","ALUMINIO EN L -","","NIU","1","","","12","","0"
"1421","03196","","","INODORO RAPIDJET","","NIU","1","","","220","","0"
"1422","03197","","","TUBO DE ABASTO-","","NIU","1","","","15","","0"
"1423","03199","","","ESPEJO-","","NIU","1","","","25","","0"
"1424","03201","","","ACCESORIO PARA BAÑO-","","NIU","1","","","65","","0"
"1425","03202","","","TRAMPA FIORI-","","NIU","1","","","15","","0"
"1426","03203","","","GRANITO GRIS-","","NIU","1","","","45","","0"
"1427","03207","","","TERRE GRAFITO-","","NIU","1","","","25","","0"
"1428","03209","","","MARILIA","","NIU","1","","","22","","0"
"1429","03210","","","ACCESORIO PARA INODORO TARRACO EN HG","HG","NIU","1","","","50","","0"
"1430","03211","","","TRAMPA PVC CON REGISTRO DE 2"" FIORI","FIORI","NIU","1","","","15","","0"
"1431","03212","","","TRAMPA P EN FAMA PARA LAVADERO","FAMA","NIU","1","","","18","","0"
"1432","03213","","","MEZCLADORA DE LAVATORIO MONOCOMANDO SIN MARCA IMP.","SIN MARCA","NIU","1","","","160","","0"
"1433","03214","","","PICO DE GANSO ECO. IMPORTADO SIN MARCA","SIN MARCA","NIU","1","","","25","","0"
"1434","03215","","","CAÑO DE BRONCE NACIONAL FIRPASA","FIRPASA","NIU","1","","","25","","0"
"1435","03216","","","BAÑO TWENTY ONE P.","","NIU","1","","","200","","0"
"1436","03217","","","TUBO DE ABASTO 1/2 X 1/2 ECKOGRIF","ECKOGRIF","NIU","1","","","10","","0"
"1437","03218","","","TUBO DE ABASTO 1/2 X 7/8 ECKOGRIF","ECKOGRIF","NIU","1","","","10","","0"
"1438","03219","","","TUBO DE ABASTO 1/2 X 7/8 SANI","SANI","NIU","1","","","10","","0"
"1439","03220","","","TUBO DE ABASTO 1/2 X 7/8 FRATELLY","FRATELLY","NIU","1","","","10","","0"
"1440","03221","","","TUBO DE ABASTO 1/2 X 7/8 SIN MARCA","SIN MARCA","NIU","1","","","10","","0"
"1441","03222","","","TUBO DE ABASTO 1/2 X 1/2 SIN MARCA","SIN MARCA","NIU","1","","","10","","0"
"1442","03223","","","TUBO DE ABASTO 1/2 X 7/8 PVC METUSA","METUSA","NIU","1","","","10","","0"
"1443","03224","","","TUBO DE ABASTO 1/2 X 7/8 HYDRA","HYDRA","NIU","1","","","10","","0"
"1444","03225","","","LLAVE PARA OVALIN DE SOBREPONER DE LUJO BAJO GOLDFLAG","GOLDFLAG","NIU","1","","","120","","0"
"1445","03226","","","ACCESORIO PLUSH TANQUE SIFON MODELO TREBOL","SIFÓN","NIU","1","","","65","","0"
"1446","03227","","","DESAGUE PVC SANI","SANI","NIU","1","","","17","","0"
"1447","03228","","","TOALLERO DE ALUMINIO REGULABLE DE 2"" A PRESION","","NIU","1","","","25","","0"
"1448","03229","","","TOALLERO DE BRIDA DE 1/2 A PRESION","","NIU","1","","","13","","0"
"1449","03230","","","TUBO DE ABASTO DE 1/2 X 1MTR","SIN MARCA","NIU","1","","","25","","0"
"1450","03231","","","LLAVE PARA OVALIN DE LUJO BAJO EN CASTLE","CASTLE","NIU","1","","","110","","0"
"1451","03232","","","PARED BLANCO SATINADO 27X45 (2.07X17 PZA) CELIMA","CELIMA","NIU","1","","","20","","0"
"1452","03233","","","REPUESTOS DE NIVELADOR TIPO ROSCA SOMBREITO FABREPLAST","FABREPLAST","NIU","1","","","25","","0"
"1453","03234","","","ESPEJO BISELADO","","NIU","1","","","75","","0"
"1454","03235","","","ESPEJO SIMPLE DE VIDRIO","","NIU","1","","","50","","0"
"1455","03236","","","ARIANA PLATA","","NIU","1","","","24.4","","0"
"1456","03237","","","BRICK ONDAS GRIS","","NIU","1","","","26","","0"
"1457","03238","","","BRICK TRAVISO BLANCO","","NIU","1","","","27","","0"
"1458","03248","","","block de vidrio","","NIU","1","","","14","","0"
"1459","03249","","","llave para ovalin","","NIU","1","","","250","","0"
"1460","03250","","","ESPEJO SIRENA","","NIU","1","","","35","","0"
"1461","03251","","","ESPEJO ZTA","","NIU","1","","","35","","0"
"1462","03252","","","ESPEJO CHAVO","","NIU","1","","","35","","0"
"1463","03253","","","ESPEJO CHAVO FLOR","","NIU","1","","","35","","0"
"1464","03254","","","ESPEJO COLIBRI","","NIU","1","","","43","","0"
"1465","03255","","","ESPEJO SIRENA ITERMEDIO","","NIU","1","","","43","","0"
"1466","03256","","","ESPEJO DELFIN","","NIU","1","","","43","","0"
"1467","03257","","","ESPEJO LED","","NIU","1","","","90","","0"
"1468","03260","","","LAPIZ DORADO.-","","NIU","1","","","8","","0"
"1469","03261","","","MESA DE OVALIN.-","","NIU","1","","","330","","0"
"1470","03262","","","SEPARADOR DE AMBIENTE","","NIU","1","","","30","","0"
"1471","03263","","","REGADERA.-","","NIU","1","","","90","","0"
"1472","03265","","","LAPIZ DE VIDRIO D 1","","NIU","1","","","22","","0"
"1473","03267","","","TRAMPA BOTELLA","","NIU","1","","","15","","0"
"1474","03268","","","TAPA BABY","","NIU","1","","","25","","0"
"1475","03270","","","california","","NIU","1","","","26","","0"
"1476","03273","","","ALMANSA NATURAL","","NIU","1","","","24.5","","0"
"1477","03275","","","LAVADERO PARA COCINA.-","","NIU","1","","","170","","0"
"1478","03276","","","FIORE CARAMELO","","NIU","1","","","38.48","","0"
"1479","03277","","","PISO PISA BLANCO 45X45 COM (2.23X11 PZAS)","","NIU","1","","","22","","0"
"1480","03278","","","PISO PARQUET QUINILLA BEIGE 45X45 (2.08X10PAS)","","NIU","1","","","22","","0"
"1481","03279","","","SALDO","","NIU","1","","","22.3","","0"
"1482","03283","","","FRAGUA CELIMA ALUMINIO","","NIU","1","","","7","","0"
"1483","03284","","","SUMIDERO P.","","NIU","1","","","12","","0"
"1484","03286","","","PORCELANATO UNIMASA GENESIS NEGRO 1.20X60 (1.44X2PZAS)","","NIU","1","","","95","","0"
"1485","03287","GJ612703","","PORCELANATO UNIMASA GENESIS BLANCO 1.20X60 (1.44X2PZAS)","","NIU","1","","","90","","0"
"1486","03288","","","PORCELANATO UNIMASA MARBENA WHITE 1.20X60 (1.44X2PZAS)","","NIU","1","","","65","","0"
"1487","03289","","","PORCELANATO UNIMASA VIGO GOLD 1.20X60 (1.44X2PZAS)","","NIU","1","","","73","","0"
"1488","03290","","","PISO SIENA DORADA 60X60 COM (1.80X5PZAS)","","NIU","1","","","30","","0"
"1489","03291","","","MAYOLICA 30X60 (COD LG36060B) (1.62X9PZAS)","","NIU","1","","","36.5","","0"
"1490","03300","","","fraguas","","NIU","1","","","7","","0"
"1491","03306","","","FRAGUA CELIMA AVELLANA","","NIU","1","","","8","","0"
"1492","03309","","","FRAGUAS CELIMA","","NIU","1","","","8","","0"
"1493","03320","","","fraguas celima","","NIU","1","","","8","","0"
"1494","03321","","","fragua pisina","","NIU","1","","","65","","0"
"1495","03326","","","pepelmas","","NIU","1","","","38","","0"
"1496","03330","","","tanque rodoplas","","NIU","1","","","1850","","0"
"1497","03334","","","aluminio en l 10","","NIU","1","","","12","","0"
"1498","03336","","","lapiz ceramico","","NIU","1","","","6","","0"
"1499","03338","","","fraguas","","NIU","1","","","7","","0"
"1500","03339","","","trampa corrugado","","NIU","1","","","35","","0"
"1501","03340","","","PORCELANATO MATE 60X60","","MTK","1","","","35","","0"
"1502","03341","","","PEGAMENTO BLANCO EXTRAFUERTE","","NIU","1","","","23","","0"
"1503","03342","","","inodoro onepis blanco","","NIU","1","","","330","","0"
"1504","03343","","","ovalines","","NIU","1","","","110","","0"
"1505","03344","fragua","","fragua","","NIU","1","","","10","","0"
"1506","03345","","","pegamento chemayolic","","NIU","1","","","49","","0"
"1507","03346","","","lapiz acero","","NIU","1","","","25","","0"
"1508","03347","","","silicona","","NIU","1","","","15","","0"
"1509","03348","","","silicona","","NIU","1","","","15","","0"
"1510","03349","","","lavadero enchapado","","NIU","1","","","175","","0"
"1511","03350","","","trampas para lavadero","","NIU","1","","","25","","0"
"1512","03351","","","patas de lavaderos enchapados","","NIU","1","","","70","","0"
"1513","03352","","","caños para lavadero","","NIU","1","","","50","","0"
"1514","03353","","","cinta teflon","","NIU","1","","","2","","0"
"1515","03354","","","mayolica pisina","","MTK","1","","","28","","0"
"1516","03355","","","pegamento","","NIU","1","","","49","","0"
"1517","03356","","","fragua","","NIU","1","","","65","","0"
"1518","03357","","","ovalin hg blanco","","NIU","1","","","120","","0"
"1519","03358","","","llave ovalin","","NIU","1","","","95","","0"
"1520","03359","","","fragua gris plata","","NIU","1","","","8","","0"
"1521","03360","","","tubo abasto acero","","NIU","1","","","15","","0"
"1522","03361","","","trampa cromada","","NIU","1","","","45","","0"
"1523","03362","","","medio baño negro","","NIU","1","","","480","","0"
"1524","03363","","","tubo de abasto","","NIU","1","","","14","","0"
"1525","03364","","","anillo cera","","NIU","1","","","15","","0"
"1526","03365","","","trampa trebol","","NIU","1","","","35","","0"
"1527","03366","","","uñas de lavatorio","","NIU","1","","","6","","0"
"1528","03367","","","urinario blanco","","NIU","1","","","65","","0"
"1529","03368","","","urinario negro","","NIU","1","","","95","","0"
"1530","03369","","","pared de baño","","MTK","1","","","20.76","","0"
"1531","03370","","","piso","","MTK","1","","","22.44","","0"
"1532","03371","","","listelo","","NIU","1","","","12.92","","0"
"1533","03372","","","lapiz vidrio","","NIU","1","","","5","","0"
"1534","03373","","","fragua","","NIU","1","","","7.5","","0"
"1535","03374","","","medio baño hg","","NIU","1","","","340","","0"
"1536","03375","","","rodoplas","","NIU","1","","","5","","0"
"1537","03376","","","PORCELANATO OREO NEGRO 60X60 VIDRIFICADO 1.44 X 4PZAS DECORWAUS","","MTK","1","","","38","2024-09-05 00:00:00","0"
"1538","03377","","","PISO BETON MARFIL CELIMA DE 60X60 1.80 X5PZAS COMERCIAL","","MTK","1","","","20","2024-09-05 00:00:00","0"
"1539","03378","","","PISO EMPORIO PERLA CELIMA 60X60 X 5 PZAS 1.80MT COMERCIAL","","MTK","1","","","20","","0"
"1540","03379","","","ANDREA AZUL 25X40","","NIU","1","","","22.5","","0"
"1541","03380","","","piso 60x60 marmoleado","","MTK","1","","","19","","0"
"1542","03381","","","pegamento extrafuerte pagaval","","NIU","1","","","18","","0"
"1543","03382","","","fragua","","NIU","1","","","30","","0"
"1544","03383","","","porcelanato hueso 60x60","","MTK","1","","","25","","0"
"1545","03384","","","pegamento blanco estrafuerte","","NIU","1","","","39","","0"
"1546","03385","","","PEGAMENTO BLANCO CELIMA","","NIU","1","","","30","","0"
"1547","03386","","","LAPIZ CERAMICO 4BOLITAS DE 2X60 PLATEADO","","NIU","1","","","5","2024-09-11 00:00:00","0"
"1548","03387","","","LAPIZ CERAMICO BOTON 2X60 PLATEADO","","NIU","1","","","5","","0"
"1549","03388","","","CRUZETA DE 2 F3 BOLSA X 100 UNI","","NIU","1","","","5","","0"
"1550","03389","","","CRUZETA DE 3 MM F3 X 100 UNI","","NIU","1","","","5","","0"
"1551","03390","","","pared ladrillo blanco","","NIU","1","","","6","","0"
"1552","03391","","","urinario equipado","","NIU","1","","","220","","0"
"1553","03392","","","PISO URPI SL 45X45","","NIU","1","","","24.5","","0"
"1554","03393","","","PORCELANATO -CAMELIA 60X60","","NIU","1","","","32","","0"
"1555","03394","","","PISO RUSTICO 60X60 SL","","NIU","1","","","28.5","","0"
"1556","03395","","","PORCELANATO GRIS 60X60","","NIU","1","","","32","","0"
"1557","03396","","","PISO BLANCO 45X45","","NIU","1","","","24.5","","0"
"1558","03397","","","PARED 30X60","","NIU","1","","","1","","0"
"1559","03398","","","FRAGUA PISCINA 25 KG CHEMA","","NIU","1","","","75","","0"
"1560","03399","","","FRAGUA CHEMA SANSON GRISPLATA","","NIU","1","","","8","","0"
"1561","03400","","","PISO 45X45","","NIU","1","","","22.5","","0"
"1562","03401","","","PORCELANATO CALACATA BLANCO 60X60","","MTK","1","","","32","","0"
"1563","03402","","","LAPIDAS TALLADAS","","NIU","1","","","450","","0"
"1564","03403","PORCELANATO","","ALICANTE NEGRO","","NIU","1","","","32","","0"
"1565","03404","","","FACHALETAS","","MTK","1","","","27","","0"
"1566","03405","","","PEGAMENTO CHEMA","","NIU","1","","","22.5","","0"
"1567","03406","","","FRAGUAS","","NIU","1","","","9","","0"
"1568","03407","","","FACHALETA HIMPORTADO","","MTK","1","","","45","","0"
"1569","03408","","","PEGAMENTO BLANCO","","NIU","1","","","48","","0"
"1570","03409","","","FRAGUA","","NIU","1","","","9","","0"
"1571","03410","","","NIVELADOR","","NIU","1","","","14","","0"
"1572","03411","","","piso baño","","MTK","1","","","22","","0"
"1573","03412","","","pegamento blanco extrafuerte baño","","NIU","1","","","20","","0"
"1574","03413","","","fraguas","","NIU","1","","","5","","0"
"1575","03414","","","rodo aluminio","","NIU","1","","","12","","0"
"1576","03415","","","perfil pvc","","NIU","1","","","3.5","","0"
"1577","03416","","","piso antideslizante","","MTK","1","","","19","","0"
"1578","03417","","","pegamentos blanco","","NIU","1","","","38","","0"
"1579","03418","","","mayolica pared baño","","MTK","1","","","28","","0"
"1580","03419","","","decorado de baño","","NIU","1","","","18","","0"
"1581","03420","","","decorado de baño","","NIU","1","","","19","","0"
"1582","03421","","","tina ducha","","NIU","1","","","350","","0"
"1583","03422","","","axesorio tina","","NIU","1","","","150","","0"
"1584","03423","","","caños tina ducha","","NIU","1","","","55","","0"
"1585","03424","","","perfil aluminio","","NIU","1","","","15","","0"
"1586","03425","","","PISO CEIBO 45X45 CELIMA","","MTK","1","","","24.5","","0"
"1587","03426","","","PISO 45X45","","MTK","1","","","24.5","","0"
"1588","03427","","","ONE PICE C/ ACCESORIO DE INSTALACION","","NIU","1","","","380","","0"
"1589","03428","","","DECORTADOS 15X60 IMP.","","NIU","1","","","15","","0"
"1590","03429","","","LLAVE DE PASO CONTROL","","NIU","1","","","28","","0"
"1591","03430","","","PARED ONDAS","","NIU","1","","","20","","0"
"1592","03431","","","DIBUJOS","","NIU","1","","","18","","0"
"1593","03432","","","PISO 60X60","","NIU","1","","","45","","0"
"1594","03433","","","PEGAMENTO GRIS","","NIU","1","","","12","","0"
"1595","03434","","","FRAGUA","","NIU","1","","","7","","0"
"1596","03435","","","CRUZETA","","NIU","1","","","5","","0"
"1597","03436","","","PERFIL PVC","","NIU","1","","","56","","0"
"1598","03437","","","MAYOLICA PARED","","NIU","1","","","38","","0"
"1599","03438","","","PRED ONDAS GRIS","","NIU","1","","","6","","0"
"1600","03439","","","PEGAMENTOS GRIS","","NIU","1","","","12","","0"
"1601","03440","","","PEGAMENTO BLANCO","","NIU","1","","","23","","0"
"1602","03441","","","LADRILLO DORADO 30X60 IM.","","MTK","1","","","23.5","","0"
"1603","03442","","","PISO 45X45","","MTK","1","","","24.5","","0"
"1604","03443","","","PORCELANATO MARMOLEADO GRIS 60X60","","MTK","1","","","32","","0"
"1605","03444","","","INODORO FLORIDA BLANCO C/ KIT DE ACCESORIO","","NIU","1","","","180","","0"
"1606","03445","","","PORCELANICO DALLAS CARAMELO 60X60","","MTK","1","","","23.5","","0"
"1607","03446","","","PARED TURQUESA 30X60 IMP.","","MTK","1","","","27.5","","0"
"1608","03447","","","MAYOLICA 30X60","","MTK","1","","","24.5","","0"
"1609","03448","","","PISO 45X45","","MTK","1","","","24.5","","0"
"1610","03449","","","OVALIN EQUIPADO BLANCO","","NIU","1","","","230","","0"
"1611","03450","","","URINARIO C/ KIT DE INSTALACION","","NIU","1","","","165","","0"
"1612","03451","","","FRAGUA","","NIU","1","","","8","","0"
"1613","03452","","","OVALIN C/ KIT DE INSTALACION","","NIU","1","","","230","","0"
"1614","03453","","","PORCELANATO 60X60","","MTK","1","","","23.5","","0"
"1615","03454","","","PISO RECTIFICADO 46X46","","MTK","1","","","21.5","","0"
"1616","03455","","","FACHALETA 27X45","","MTK","1","","","28.5","","0"
"1617","03456","","","PERFILES PVC","","NIU","1","","","5","","0"
"1618","03457","","","GRANILLA NEGRO 60X60","","MTK","1","","","35","","0"
"1619","03458","","","PORCELANATO 60X60","","MTK","1","","","34","","0"
"1620","03459","","","PORCELANATO 60X60","","MTK","1","","","34","","0"
"1621","03460","","","DECORADO COCINA 15X60","","NIU","1","","","25","","0"
"1622","03461","","","PORCELANATO MATE 60X60","","MTK","1","","","29.5","","0"
"1623","03462","","","CORTINERO PEQUEÑO","","NIU","1","","","15","","0"
"1624","03463","","","NIVELADOR TORNADO F3","","NIU","1","","","35","","0"
"1625","03464","","","RESINA PARA PORCELANATO","","NIU","1","","","90","","0"
"1626","03465","","","LAVADERO DE COCINA RECOD INOXOL","","NIU","1","","","220","","0"
"1627","03466","","","CORTES","","NIU","1","","","2.5","","0"
"1628","03467","","","PICO GANZO TREBOL","","NIU","1","","","70","","0"
"1629","03468","","","PORCELANATO 60X60","","MTK","1","","","28.5","","0"
"1630","03469","","","PISO 45X45","","MTK","1","","","24.5","","0"
"1631","03470","","","PORCELANATO 60X60","","MTK","1","","","27.5","","0"
"1632","03471","","","PORCELANATO 60X60","","MTK","1","","","29","","0"
"1633","03472","","","PARED 30X60","","MTK","1","","","22.5","","0"
"1634","03473","","","SERVICIO DE INSTALACION DE CERAMICA","","MTK","1","","","25","","0"
"1635","03474","","","PISO 30X30","","MTK","1","","","22.5","","0"
"1636","03475","","","TINA JACUZZI","","NIU","1","","","330","","0"
"1637","03476","","","PORCELANATO 60X60","","MTK","1","","","24.5","","0"
"1638","03477","","","PORCELANATO 60X60","","MTK","1","","","24.5","","0"
"1639","03478","","","PORCELANATO 60X60","","MTK","1","","","26.5","","0"
"1640","03479","","","PISO 45X45","","MTK","1","","","24.5","","0"
"1641","03480","","","PISO 45X45","","MTK","1","","","22.5","","0"
"1642","03481","","","PISO 45X45","","MTK","1","","","22.5","","0"
"1643","03482","","","PISO 45X45","","MTK","1","","","22.5","","0"
"1644","03483","","","PISO DE 45X45","","MTK","1","","","24.5","","0"
"1645","03484","","","PORCELANATO 60X60","","MTK","1","","","38.16","","0"
"1646","03485","","","PORCELANATO 60X60 RUSTICO","","MTK","1","","","36","","0"
"1647","03486","","","CORTADOR DE NIVELADOR","","NIU","1","","","70","","0"
"1648","03487","","","PORCELANATO 60X60","","MTK","1","","","26.5","","0"
"1649","03488","","","PORCELANATO 60X60","","MTK","1","","","25.5","","0"
"1650","03489","","","INODORO SIFON TREBOL TZA&STANQUE","","NIU","1","","","190","","0"
"1651","03490","","","RESPUESTO DE NIVELADOR DE CERAMICO","","NIU","1","","","15","","0"
"1652","03491","","","LAVADERO C/ PEDESTAL ITALGRIF","","NIU","1","","","1","","0"
"1653","03492","","","LAVATORIO Y PEDESTAL BLANCO TREBOL","","NIU","1","","","100","","0"
"1654","03493","","","PORCELANATO 60X60","","MTK","1","","","34","","0"
"1655","03494","","","LAMAR MARINO 27X45 AZUL","","MTK","1","","","29.5","","0"
"1656","03495","","","LAMAR MARINO BLANCO 27X45","","MTK","1","","","29.5","","0"
"1657","03496","","","PISO 45X45","","MTK","1","","","24.5","","0"
"1658","03497","","","PORCELANATO DE 1.2X0.60","","MTK","1","","","65","","0"
"1659","03498","","","OVALIN RECTANGULAR BLANCO","","NIU","1","","","100","","0"
"1660","03499","","","ONE PIECE BLANCO HG","","NIU","1","","","230","","0"
"1661","03500","","","LARIZA VERDE","","MTK","1","","","27.5","","0"
"1662","03501","","","FACHALETA 34X50 ESPAÑOLA","","MTK","1","","","54","","0"
"1663","03502","","","REPUESTO DE VALVULA","","NIU","1","","","30","","0"
"1664","03503","","","piso concreto gris 45x45","","MTK","1","","","20","","0"
"1665","03504","","","mayolica pared 27x45","","MTK","1","","","23","","0"
"1666","03505","","","pegamentos gris","","NIU","1","","","13.5","","0"
"1667","03506","","","fraguas gris","","NIU","1","","","6","","0"
"1668","03507","","","perfil aluminio","","NIU","1","","","12","","0"
"1669","03508","","","cruzeta 2","","NIU","1","","","3","","0"
"1670","03509","","","ONE PIECE C/ LAVATORIO Y PEDESTAL BONE","","NIU","1","","","380","","0"
"1671","03510","","","PISO RECTIFICADO 60X60","","MTK","1","","","21.5","","0"
"1672","03511","","","DECOARDOA BAÑO GRIS 15X60","","NIU","1","","","22","","0"
"1673","03512","","","BLANCO BRILLANTE 30X60 IMP.","","MTK","1","","","23.5","","0"
"1674","03513","","","PORCELANATO UNIMASA 1.2X60","","MTK","1","","","130","","0"
"1675","03514","","","DECORADO GRIS BAÑO 15X60","","NIU","1","","","22","","0"
"1676","03515","","","CANTONERA DE 1MM CON SOPORTE","","NIU","1","","","25","","0"
"1677","03516","","","PISO 45X45","","MTK","1","","","17","","0"
"1678","03517","","","DECORADOS","","NIU","1","","","12","","0"
"1679","03518","","","JUEGO DE BAÑO ONE PIECE C/ ACCESORIO","","NIU","1","","","400","","0"
"1680","03519","","","OVALIN DORADO","","NIU","1","","","220","","0"
"1681","03520","","","PISO ESTEFANIA 45X45","","MTK","1","","","24.5","","0"
"1682","03521","","","PORCELANATO MARMOLEADO 60X60","","MTK","1","","","29.5","","0"
"1683","03522","","","PORCELANATO NEGRO CON VETAS DORADAS 60X60","","MTK","1","","","29.5","","0"
"1684","03523","","","PORCELANATO VITRIFICADO LPY66052","","MTK","1","","","27.5","","0"
"1685","03524","","","INODORO RAPIJET TREBOL","","NIU","1","","","190","","0"
"1686","03525","","","CANTONERA PESADA","","NIU","1","","","90","","0"
"1687","03526","","","PEGAMENTO BLANCO EXTRAFUERTE PORCELANATINO","","NIU","1","","","26.5","","0"
"1688","03527","","","RESINA DE PORCELANATO GRIS","","NIU","1","","","90","","0"
"1689","03528","","","porcelanato mate de 60x60","","NIU","1","","","40","","0"
"1690","03529","","","perfil de aluminio en l","","NIU","1","","","18","","0"
"1691","03530","","","porcelanato 1.20 negro dorado","","NIU","1","","","190","","0"
"1692","03531","","","cuñas para porcelanato","","NIU","1","","","30","","0"
"1693","03532","","","TABLON 1.2X60","","MTK","1","","","48","","0"
"1694","03533","","","PISO PORCELANANICO MADERA","","MTK","1","","","18.5","","0"
"1695","03534","","","ZOCALOS","","NIU","1","","","18.5","","0"
"1696","03535","","","INODORO C/ TAZA + LAVATORIO Y PEDESTAL + ACC DE INSTACION","","NIU","1","","","320","","0"
"1697","03536","","","PORCELANATO BLANCO MARMOLEADO","","MTK","1","","","27","","0"
"1698","03537","","","PEGAMENTO PEGAVAL BLANCO","","NIU","1","","","25","","0"
"1699","03538","","","ONE PICE BLANCO C/ MUEBLE+LAVADERO","","NIU","1","","","580","","0"
"1700","03539","","","PORCE. HUESO MARMOLEADO","","MTK","1","","","23.5","","0"
"1701","03540","","","PEGAMENTO BLANCO MAESTRO","","MTK","1","","","20","","0"
"1702","03541","","","PORCE. DIAMENATE CLARO 60X60","","MTK","1","","","28","","0"
"1703","03542","","","ONE PIECE RELINDA BLANCO","","NIU","1","","","240","","0"
"1704","03543","","","PORCELANATO DIAMANTE CLARO 60X60","","MTK","1","","","25","","0"
"1705","03544","","","LAVATORIO C/ PEDESTAL BLANCO TWENTY","","NIU","1","","","180","","0"
"1706","03545","","","KIT DE INSTALION ONE PIECE C/ LAVATORIO","","NIU","1","","","145","","0"
"1707","03546","","","PORCELANATO GRIS MARMOLEADO MATE 60X60","","MTK","1","","","26.5","","0"
"1708","03547","","","PORCELANATO GRIS PLATA MARMOLEADO 60X60","","MTK","1","","","26.56","","0"
"1709","03548","","","PORCELANADO DIAMANTE CLARO 60X60","","MTK","1","","","26.5","","0"
"1710","03549","","","CANTONERA RODOPASO ALUMINIO","","NIU","1","","","22","","0"
"1711","03550","","","PORCELANATO 60X60","","MTK","1","","","26","","0"
"1712","03551","","","PORCELANATO NEGRO MARMOLEADO 60X60","","MTK","1","","","34","","0"
"1713","03552","","","PORCELANATO GRIS VITRIFICADO","","MTK","1","","","38","","0"
"1714","03553","","","porcelanato","","NIU","1","","","47.5","","0"
"1715","03554","","","pegamento maestro","","NIU","1","","","25","","0"
"1716","03555","","","fragua","","NIU","1","","","6","","0"
"1717","03556","","","rodoplas","","NIU","1","","","10","","0"
"1718","03557","","","porcelanato","","NIU","1","","","47.5","","0"
"1719","03558","","","piso","","BX","1","","","38","","0"
"1720","03559","","","piso (caja)","","NIU","1","","","38","","0"
"1721","03560","","","piso (caja)","","BX","1","","","58.13","","0"
"1722","03561","","","doroplas aluminio","","NIU","1","","","9","","0"
"1723","03562","","","piso (caja)","","BX","1","","","38","","0"
"1724","03563","","","pegamento blanco fexible pegaval forte","","NIU","1","","","28","","0"
"1725","03564","","","pegamento blanco","","NIU","1","","","28","","0"
"1726","03565","","","resina","","NIU","1","","","70","","0"
"1727","03566","","","fragua hueso","","NIU","1","","","6","","0"
"1728","03567","","","fragua marron","","NIU","1","","","6","","0"
"1729","03568","","","rodoplas","","NIU","1","","","3.5","","0"
"1730","03569","","","piso (MESA)","","MTR","1","","","34.97","","0"
"1731","03570","","","PISO - MESA","","MTR","1","","","35","","0"
"1732","03571","","","PISO - MESA","","NIU","1","","","35","","0"
"1733","03572","","","PISO - PARED","","NIU","1","","","19","","0"
"1734","03573","","","FACHALETA","","NIU","1","","","24","","0"
"1735","03574","","","DIBUJO","","NIU","1","","","18","","0"
"1736","03575","","","LAPIZ","","NIU","1","","","5","","0"
"1737","03576","","","RODO. METAL","","NIU","1","","","10","","0"
"1738","03577","","","PISO - COCINA","","MTR","1","","","28","","0"
"1739","03578","","","PISO - CONTRA MESA","","MTR","1","","","19","","0"
"1740","03579","","","PEGAMENTO","","NIU","1","","","25","","0"
"1741","03580","","","FRAGUA","","NIU","1","","","7","","0"
"1742","03581","","","LAVADERO EQUIPADO","","NIU","1","","","235","","0"
"1743","03582","","","PORCELANATO 60X60","","MTR","1","","","19","","0"
"1744","03583","","","PISO - PORCELANATO 60X60","","NIU","1","","","19","","0"
"1745","03584","","","PISO - PORCELANATO 60X60","","MTR","1","","","19","","0"
"1746","03585","","","PISO - PARED DE BAÑO 60X30","","MTR","1","","","18","","0"
"1747","03586","","","PISO BAÑO 45X45","","NIU","1","","","18","","0"
"1748","03587","","","FRAGUA COLOR HUESO","","NIU","1","","","6","","0"
"1749","03588","","","FRAGUA COLOR HUESO","","NIU","1","","","7","","0"
"1750","03589","","","FRAGUA COLOR GRIS","","NIU","1","","","7","","0"
"1751","03590","","","SEPARADORES DE 1 (PARA PISO)","","NIU","1","","","6","","0"
"1752","03591","","","SEPARADORES DE 2 (PARA PISO)","","NIU","1","","","6","","0"
"1753","03592","","","SEPARADORES DE 2 (PARA PISO)","","NIU","1","","","6","","0"
"1754","03593","","","VARRILLA DE JEBE","","NIU","1","","","30","","0"
"1755","03594","","","PISO DE BAÑO 45X45","","MTR","1","","","18","","0"
"1756","03595","","","PISO MATE GRIS GRAFITO CELIMA","","NIU","1","","","33.3","","0"
"1757","03596","","","PARED MARMOLEADOS 30X60","","NIU","1","","","29.6","","0"
"1758","03597","","","PEGAMENTO BLANCO","","NIU","1","","","22.8","","0"
"1759","03598","","","PEGAMENTO GRIS","","NIU","1","","","14.8","","0"
"1760","03599","","","FRAGUAS","","NIU","1","","","5","","0"
"1761","03600","","","PERFILES ALU","","NIU","1","","","9","","0"
"1762","03601","","","PORCELANATO","","NIU","1","","","86.4","","0"
"1763","03602","","","PORCELANATO","","NIU","1","","","86.4","","0"
"1764","03603","","","PORCELANATO 1.30 X 60","","NIU","1","","","39","","0"
"1765","03604","","","PORCELANATO 30 X 60","","NIU","1","","","39","","0"
"1766","03605","","","PORCELANATO 1.20 X 60","","NIU","1","","","86.4","","0"
"1767","03606","","","PORCELANATO 1.20 X 60","","NIU","1","","","84.6","","0"
"1768","03607","","","PORCELANATO 1.20 X60","","NIU","1","","","86.4","","0"
"1769","03608","","","PORCELANATO 30 X60","","NIU","1","","","39","","0"
"1770","03609","","","PORCELANATO 30 X 60","","NIU","1","","","39","","0"
"1771","03610","","","PORCELANATO 1.20 X 60","","NIU","1","","","86.4","","0"
"1772","03611","","","PORCELANATO 60 X 60","","NIU","1","","","41","","0"
"1773","03612","","","PEGAMENTO CHEMAYOLIC","","NIU","1","","","49","","0"
"1774","03613","","","FRAGUA CHEMA","","NIU","1","","","10","","0"
"1775","03614","","","PEGAMENTO CHEMAYOLIC","","NIU","1","","","49","","0"
"1776","03615","","","RESINA KG","","NIU","1","","","90","","0"
"1777","03616","","","NIVELADORES","","NIU","1","","","15","","0"
"1778","03617","","","CUÑAS","","NIU","1","","","20","","0"
"1779","03618","","","DISCO","","NIU","1","","","53","","0"
"1780","03619","","","ALICATE","","NIU","1","","","38","","0"
"1781","03620","","","LAVADERO","","NIU","1","","","350","","0"
"1782","03621","","","LLAVE DE DUCHA","","NIU","1","","","200","","0"
"1783","03622","","","LLAVE DE COCINA","","NIU","1","","","200","","0"
"1784","03623","","","SERVICIO DE TRANSPORTE","","NIU","1","","","350","","0"
"1785","03624","","","SERVIVIO DE TAXI","","NIU","1","","","20","","0"
"1786","03625","","","Piso 60x60 (marmoleado)","","BX","1","","","37.5","","0"
"1787","03626","","","Piso 60x60 (burbuja)","","BX","1","","","37.5","","0"
"1788","03627","","","Resina - Gris plata","","NIU","1","","","70","","0"
"1789","03628","","","mayolica de pared","","NIU","1","","","27.54","","0"
"1790","03629","","","MAYOLICAS DE PARED","","NIU","1","","","27.54","","0"
"1791","03630","","","MAYOLICAS DE PARED 30X60","","NIU","1","","","27.54","","0"
"1792","03631","","","PORCELANATO HUESO MARMOLEADO DE 60","","NIU","1","","","27.36","","0"
"1793","03632","","","CELIMA BLANCO ESTRAFUERTE","","NIU","1","","","37","","0"
"1794","03633","","","FRAGUA CHEMA","","NIU","1","","","8","","0"
"1795","03634","","","mayolicas pared gris","","MTK","1","","","18","","0"
"1796","03635","","","porcelanato hueso de 60x60","","BX","1","","","24.48","","0"
"1797","03636","","","pegamento maestro blanco","","NIU","1","","","23","","0"
"1798","03637","","","fragua hueso","","NIU","1","","","6","","0"
"1799","03638","","","porcelanato hueso60x60","","BX","1","","","24.48","","0"
"1800","03639","","","pegamentos blanco maestro","","NIU","1","","","23","","0"
"1801","03640","","","fraguashueso","","NIU","1","","","6","","0"
"1802","03641","","","piso american blanco d 30x30","","BX","1","","","55.4","","0"
"1803","03642","","","porcelanato de 60x60","","BX","1","","","40","","0"
"1804","03643","","","pegamento blanco","","NIU","1","","","37.5","","0"
"1805","03644","","","perfiles aluminio","","NIU","1","","","15","","0"
"1806","03645","","","tina blanco marmol","","NIU","1","","","650","","0"
"1807","03646","","","mescladora de ducha tina","","NIU","1","","","400","","0"
"1808","03647","","","piso ceramica de 60x60","","MTK","1","","","35","","0"
"1809","03648","","","perfiles metal","","NIU","1","","","12","","0"
"1810","03649","","","pisos cuarto 45x45","","MTK","1","","","26","","0"
"1811","03650","","","tablones de 1.20 x20","","MTK","1","","","12.85","","0"
"1812","03651","","","perfiles","","NIU","1","","","6.67","","0"
"1813","03652","","","silicona extrafuerte","","NIU","1","","","83.33","","0"
"1814","03653","","","mescladora ducha","","NIU","1","","","150","","0"
"1815","03654","","","lavadero acero","","NIU","1","","","450","","0"
"1816","03655","","","inodoro himportado","","NIU","1","","","550","","0"
"1817","03656","","","kits de acero","","NIU","1","","","150","","0"
"1818","03657","","","ovalin dorado","","NIU","1","","","280","","0"
"1819","03658","","","kits para ovalin juego","","NIU","1","","","450","","0"
"1820","03659","","","pegamento chema","","NIU","1","","","47.5","","0"
"1821","03660","","","pegamento chema extrafuerte","","NIU","1","","","48","","0"
"1822","03661","","","pegammento trebol gris","","NIU","1","","","15","","0"
"1823","03662","","","fraguas","","NIU","1","","","18","","0"
"1824","03663","","","porcelanato marron","","BX","1","","","48.5","","0"
"1825","03664","","","porcelanato","","BX","1","","","64","","0"
"1826","03665","","","pegamento gris","","NIU","1","","","15","","0"
"1827","03666","","","fraguas","","NIU","1","","","8","","0"
"1828","03667","","","perfiles pvc","","NIU","1","","","25","","0"
"1829","03668","","","baños blanco equipado","","NIU","1","","","450","","0"
"1830","03669","","","MAYOLICA DE PARED","","BX","1","","","30","","0"
"1831","03670","","","PORCELANATO","","BX","1","","","60","","0"
"1832","03671","","","DECORADOS BAÑO","","NIU","1","","","20","","0"
"1833","03672","","","LAPIS","","NIU","1","","","6.7","","0"
"1834","03673","","","BAÑO ONEPIZ","","NIU","1","","","1150","","0"
"1835","03674","","","PORCELANATO TABLONES","","MTK","1","","","30","","0"
"1836","03675","","","RODOPASO","","NIU","1","","","40","","0"
"1837","03676","","","OVALIN MUEBLE","","NIU","1","","","450","","0"
"1838","03677","","","KIT DE INSTALACION DE OVALIN","","NIU","1","","","350","","0"
"1839","03678","","","porcelanato de 1.20","","MTK","1","","","110","","0"
"1840","03679","","","porcelanato mate","","MTK","1","","","38","","0"
"1841","03680","","","pegamento chema","","NIU","1","","","45","","0"
"1842","03681","","","fragua chema","","NIU","1","","","10","","0"
"1843","03682","","","lavaderos multifuncional","","NIU","1","","","600","","0"
"1844","03683","","","mescladoras de cosina","","NIU","1","","","450","","0"
"1845","03684","","","trampas","","NIU","1","","","25","","0"
"1846","03685","","","pepelmas","","NIU","1","","","35","","0"
"1847","03686","","","porcelanato","","NIU","1","","","26","","0"
"1848","03687","","","PORCELANATO","","MTK","1","","","26","","0"
"1849","03688","","","PEGAMENTO","","NIU","1","","","35","","0"
"1850","03689","","","FRAGUA","","NIU","1","","","7","","0"
"1851","03690","","","NIVELADORES","","NIU","1","","","10","","0"
"1852","03691","","","NIVELADORES","","NIU","1","","","33.5","","0"
"1853","03692","","","porcelanato","","MTK","1","","","32","","0"
"1854","03693","","","pegamento chemoyolic blanco","","NIU","1","","","46","","0"
"1855","03694","","","fraguas premiun","","NIU","1","","","15","","0"
"1856","03695","","","G.gris","","NIU","1","","","75","","0"
"1857","03696","","","PORCELANATO ESCARCHADO","","NIU","1","","","38","","0"
"1858","03697","","","PEGAMENTO CHAMA BLANCO FLEXIBLE","","NIU","1","","","48","","0"
"1859","03698","","","PIEZAS DE ESCARCHADO","","NIU","1","","","30","","0"
"1860","03699","","","PERFIL DE 10","","NIU","1","","","30","","0"
"1861","03700","","","PORCELANATO ESCARCHADO","","NIU","1","","","54","","0"
"1862","03701","","","PEGAMENTO CHEMAYOLIC","","NIU","1","","","48","","0"
"1863","03702","","","tablon de 1.20","","MTK","1","","","48","","0"
"1864","03703","","","pegamento chema","","NIU","1","","","48","","0"
"1865","03704","","","cantoneras escalera","","NIU","1","","","38","","0"
"1866","03705","","","piso de 60x60","","MTK","1","","","29","","0"
"1867","03706","","","CISTERJNA DE TANQUE","","NIU","1","","","700","","0"
"1868","03707","","","PEGAMENTO GRIS","","NIU","1","","","20","","0"
"1869","03708","","","MEDIO BAÑO COMPLETO","","NIU","1","","","450","","0"
"1870","03709","","","BALINES","","NIU","1","","","110","","0"
"1871","03710","","","lavaderos enchapados","","NIU","1","","","150","","0"
"1872","03711","","","pegamento gris","","NIU","1","","","15","","0"
"1873","03712","","","inodoros eco","","NIU","1","","","140","","0"
"1874","03713","","","jakusi","","NIU","1","","","2900","","0"
"1875","03714","","","lapiz acero","","NIU","1","","","25","","0"
"1876","03715","","","ovalin","","NIU","1","","","110","","0"
"1877","03716","","","laves ovalin","","NIU","1","","","140","","0"
"1878","03717","","","mayolicas de pared","","MTK","1","","","16","","0"
"1879","03718","","","piso","","MTK","1","","","20","","0"
"1880","03719","","","lapiz","","NIU","1","","","5","","0"
"1881","03720","","","pegamento chemoyolic","","NIU","1","","","22","","0"
"1882","03721","","","fragua","","NIU","1","","","7","","0"
"1883","03722","","","perfil aluminio","","NIU","1","","","10","","0"
"1884","03723","","","pegamento blanco","","NIU","1","","","25","","0"
"1885","03724","","","porcelanato de 1.20","","NIU","1","","","25.9","","0"
"1886","03725","","","pefil dorado L","","NIU","1","","","10","","0"
"1887","03726","","","FRAGUAS CHEMA","","NIU","1","","","8.5","","0"
"1888","03727","","","porcelanato azul 60x60","","MTK","1","","","32","","0"
"1889","03728","","","piso porcelanato mate","","MTK","1","","","25","","0"
"1890","03729","","","pegamento blanco extrafuerte","","NIU","1","","","25","","0"
"1891","03730","","","fraguas","","NIU","1","","","7","","0"
"1892","03731","","","decorado de baño","","NIU","1","","","14.5","","0"
"1893","03732","","","porcelanato azul","","NIU","1","","","12","","0"
"1894","03733","","","porcelanato de 60x60","","MTK","1","","","19","","0"
"1895","03734","","","mayolica pared 30x60","","BX","1","","","30.06","","0"
"1896","03735","","","fragua","","NIU","1","","","6","","0"
"1897","03736","","","perfil","","NIU","1","","","10","","0"
"1898","03737","","","porcelanato de 60x60 azul blu","","BX","1","","","49","","0"
"1899","03738","","","porcelanato mate 60x60","","BX","1","","","40","","0"
"1900","03739","","","pegamento blanco","","NIU","1","","","25","","0"
"1901","03740","","","medio baño eco","","NIU","1","","","320","","0"
"1902","03741","","","fraguas","","NIU","1","","","7","","0"
"1903","03742","","","PISOS CERAMICAS DE 60X60","","NIU","1","","","34.2","","0"
"1904","03743","","","GRANITO 1.20 X 60","","NIU","1","","","13","","0"
"1905","03744","","","PGRELIMA. B. E FUERTE ECO","","NIU","1","","","25","","0"
"1906","03745","","","PORCELANATO 60 X 60","","MTR","1","","","41.76","","0"
"1907","03746","","","CREAMICA 60 X 60","","MTR","1","","","33.3","","0"
"1908","03747","","","FRAGUA GRIS","","NIU","1","","","7","","0"
"1909","03748","","","FRAGUA HUESO","","NIU","1","","","7","","0"
"1910","03749","","","GRANITO 1.20 X 60","","NIU","1","","","60","","0"
"1911","03750","","","PORCELANATO MARRON MATE","","MTK","1","","","29.5","","0"
"1912","03751","","","PEGAMENTO BLANCO","","NIU","1","","","46","","0"
"1913","03752","","","FRAGUA","","NIU","1","","","9","","0"
"1914","03753","","","PORCELANATO","","MTK","1","","","33.12","","0"
"1915","03754","","","PEGAMENTO","","NIU","1","","","14","","0"
"1916","03755","","","FRAGUA","","NIU","1","","","9","","0"
"1917","03756","","","porcelanato hueso 60x60","","BX","1","","","34.5","","0"
"1918","03757","","","pegamento celima","","NIU","1","","","40","","0"
"1919","03758","","","inodoro onepiz blanco","","NIU","1","","","295","","0"
"1920","03759","","","vanitorios baño blanco","","NIU","1","","","350","","0"
"1921","03760","","","anillo cera","","NIU","1","","","10","","0"
"1922","03761","","","tubos de abasto","","NIU","1","","","15","","0"
"1923","03762","","","trampa botella trebol","","NIU","1","","","30","","0"
"1924","03763","","","llaves para vanitorio","","NIU","1","","","70","","0"
"1925","03764","","","piso de 60x60","","BX","1","","","45","","0"
"1926","03765","","","tapas inteligente de inodoro","","NIU","1","","","22.5","","0"
"1927","03766","","","PORCELANATO","","NIU","1","","","38","","0"
"1928","03767","","","PEGAMENTO","","NIU","1","","","48","","0"
"1929","03768","","","FRAGUA","","NIU","1","","","8","","0"
"1930","03769","","","CAJA DE PISO","","NIU","1","","","40","","0"
"1931","03770","","","CAJAS DE PARED","","MTK","1","","","32","","0"
"1932","03771","","","INODORO","","NIU","1","","","220","","0"
"1933","03772","","","FRAGUA","","NIU","1","","","7","","0"
"1934","03773","","","PEGAMENTO CELIMA B.E.F","","NIU","1","","","28","","0"
"1935","03774","","","NIVELADOR DE 1 MM","","NIU","1","","","15","","0"
"1936","03775","","","TAPA DE INODORO","","NIU","1","","","15","","0"
"1937","03776","","","CAJA DE PISO","","NIU","1","","","40","","0"
"1938","03777","","","CAJA DE PARED","","NIU","1","","","32","","0"
"1939","03778","","","PEGAMENTO CELIMA B.E.F","","NIU","1","","","28","","0"
"1940","03779","","","FRAGUAS","","NIU","1","","","7","","0"
"1941","03780","","","INODORO","","NIU","1","","","220","","0"
"1942","03781","","","NIVELADOR DE 1MM","","NIU","1","","","15","","0"
"1943","03782","","","TAPA DE INODORO","","NIU","1","","","15","","0"
"1944","03783","","","VARIYA PVC GRIS PLATA","","NIU","1","","","3","","0"
"1945","03784","","","TABLON","","NIU","1","","","34","","0"
"1946","03785","","","FRAGUAS DE MADERA","","NIU","1","","","8","","0"
"1947","03786","","","FRAGUA","","NIU","1","","","8","","0"
"1948","03787","","","PAQUETE DE CRUCETAS","","NIU","1","","","10","","0"
"1949","03788","","","BOLSA DE NIVELADORES","","NIU","1","","","10","","0"
"1950","03789","","","TACOS CHICOS","","NIU","1","","","1","","0"
"1951","03790","","","CAJAS 60 X 60","","NIU","1","","","35","","0"
"1952","03791","","","CAJAS 60 X 60","","MTK","1","","","35","","0"
"1953","03792","","","CAJA 60 X 60","","MTK","1","","","35","","0"
"1954","03793","","","CAJAS DE TABLON","","MTK","1","","","34","","0"
"1955","03794","","","CAJAS DE TABLONES","","NIU","1","","","34","","0"
"1956","03795","","","OVALIN","","NIU","1","","","100","","0"
"1957","03796","","","LLAVE","","NIU","1","","","70","","0"
"1958","03797","","","TRAMPA DESAGUE","","NIU","1","","","35","","0"
"1959","03798","","","TUBOS DE ABASTO","","NIU","1","","","10","","0"
"1960","03799","","","ANILLO DE CERA","","NIU","1","","","10","","0"
"1961","03800","","","JUEGO DE UÑAS","","NIU","1","","","5","","0"
"1962","03801","","","LLAVE DE DUCHA","","NIU","1","","","120","","0"
"1963","03802","","","INODORO","","NIU","1","","","190","","0"
"1964","03803","","","LAPIZ","","NIU","1","","","6","","0"
"1965","03804","","","LAVANDERIA","","NIU","1","","","20","","0"
"1966","03805","","","PEGAMENTO CELIMA","","NIU","1","","","28","","0"
"1967","03806","","","RODOPLAS","","NIU","1","","","10","","0"
"1968","03807","","","DECORADOS","","NIU","1","","","10","","0"
"1969","03808","","","LAPIZ","","NIU","1","","","6","","0"
